timestamp,close,high,low,open,volume,date
1656077400,170.16000366210938,170.25,161.3000030517578,161.72999572753906,68736000,2022-06-24
1656336600,169.49000549316406,171.75,168.00999450683594,171.32000732421875,29174600,2022-06-27
1656423000,160.67999267578125,171.3000030517578,160.61000061035156,169.89999389648438,27744500,2022-06-28
1656509400,163.94000244140625,166.3300018310547,160.32000732421875,163.57000732421875,28595200,2022-06-29
1656595800,161.25,165.22999572753906,158.49000549316406,162.14999389648438,35250600,2022-06-30
1656682200,160.02999877929688,160.6199951171875,155.0,160.30999755859375,31423900,2022-07-01
1657027800,168.19000244140625,168.25,157.02000427246094,158.13999938964844,28618600,2022-07-05
1657114200,169.77000427246094,171.58999633789062,165.4600067138672,168.1999969482422,23085900,2022-07-06
1657200600,172.19000244140625,172.72000122070312,167.77999877929688,169.4499969482422,24083400,2022-07-07
1657287000,170.8800048828125,172.39999389648438,168.14999389648438,169.97999572753906,19249200,2022-07-08
1657546200,162.8800048828125,167.49000549316406,161.91000366210938,167.07000732421875,21885600,2022-07-11
1657632600,163.27000427246094,165.91000366210938,162.10000610351562,164.8000030517578,16639700,2022-07-12
1657719000,163.49000549316406,164.97999572753906,159.61000061035156,160.16000366210938,16555100,2022-07-13
1657805400,158.0500030517578,162.58999633789062,157.27999877929688,161.22000122070312,23765200,2022-07-14
1657891800,164.6999969482422,164.97999572753906,159.82000732421875,160.5399932861328,23342800,2022-07-15
1658151000,167.22999572753906,171.69000244140625,165.63999938964844,166.75,23574300,2022-07-18
1658237400,175.77999877929688,176.49000549316406,169.50999450683594,170.3699951171875,25933700,2022-07-19
1658323800,183.08999633789062,183.60000610351562,176.6999969482422,177.49000549316406,24784300,2022-07-20
1658410200,183.1699981689453,183.85000610351562,178.8699951171875,180.6300048828125,27195800,2022-07-21
1658496600,169.27000427246094,175.60000610351562,168.41000366210938,173.07000732421875,42583900,2022-07-22
1658755800,166.64999389648438,170.57000732421875,164.80999755859375,169.0,26166300,2022-07-25
1658842200,159.14999389648438,166.0,157.9499969482422,165.94000244140625,28468400,2022-07-26
1658928600,169.5800018310547,170.8699951171875,162.02000427246094,162.58999633789062,43846600,2022-07-27
1659015000,160.72000122070312,161.50999450683594,154.85000610351562,161.05999755859375,73214300,2022-07-28
1659101400,159.10000610351562,160.13999938964844,155.1699981689453,157.69000244140625,42065400,2022-07-29
1659360600,159.92999267578125,165.19000244140625,155.22999572753906,157.25,40596700,2022-08-01
1659447000,160.19000244140625,162.24000549316406,158.00999450683594,158.30999755859375,27374500,2022-08-02
1659533400,168.8000030517578,169.5399932861328,161.57000732421875,162.69000244140625,31721900,2022-08-03
1659619800,170.57000732421875,172.14999389648438,166.8000030517578,168.3000030517578,23938200,2022-08-04
1659706200,167.11000061035156,171.61000061035156,165.8000030517578,166.99000549316406,25832700,2022-08-05
1659965400,170.25,177.50999450683594,167.1300048828125,168.0,27299100,2022-08-08
1660051800,168.52999877929688,169.52999877929688,166.60000610351562,168.9499969482422,18655100,2022-08-09
1660138200,178.33999633789062,180.47999572753906,173.9499969482422,175.99000549316406,30262100,2022-08-10
1660224600,177.49000549316406,183.10000610351562,176.3699951171875,179.7100067138672,24079100,2022-08-11
1660311000,180.5,181.4600067138672,178.91000366210938,180.80999755859375,21274000,2022-08-12
1660570200,180.88999938964844,181.44000244140625,178.1999969482422,178.9600067138672,15878700,2022-08-15
1660656600,179.47000122070312,180.99000549316406,177.0399932861328,179.44000244140625,21156700,2022-08-16
1660743000,174.85000610351562,178.13999938964844,174.1699981689453,176.75999450683594,20118100,2022-08-17
1660829400,174.66000366210938,175.75999450683594,171.86000061035156,174.33999633789062,18844500,2022-08-18
1660915800,167.9600067138672,172.32000732421875,167.0500030517578,170.1999969482422,26240800,2022-08-19
1661175000,163.0500030517578,165.49000549316406,162.25999450683594,165.49000549316406,19499700,2022-08-22
1661261400,161.11000061035156,165.0500030517578,160.6999969482422,162.47999572753906,18111800,2022-08-23
1661347800,163.25999450683594,165.4600067138672,159.77000427246094,160.60000610351562,20891500,2022-08-24
1661434200,168.77999877929688,168.8800048828125,164.02000427246094,165.17999267578125,15550500,2022-08-25
1661520600,161.77999877929688,170.9199981689453,161.6699981689453,168.47999572753906,24023600,2022-08-26
1661779800,159.1699981689453,163.0500030517578,159.00999450683594,160.66000366210938,20052700,2022-08-29
1661866200,157.16000366210938,161.66000366210938,155.91000366210938,160.35000610351562,19567900,2022-08-30
1661952600,162.92999267578125,167.83999633789062,162.13999938964844,167.07000732421875,40953000,2022-08-31
1662039000,165.36000061035156,167.36000061035156,160.35000610351562,163.5800018310547,30145700,2022-09-01
1662125400,160.32000732421875,167.92999267578125,159.22000122070312,167.4499969482422,22634200,2022-09-02
1662471000,158.5399932861328,161.69000244140625,157.69000244140625,160.10000610351562,19339800,2022-09-06
1662557400,160.38999938964844,160.9600067138672,156.80999755859375,157.75999450683594,16831200,2022-09-07
1662643800,162.05999755859375,162.22999572753906,157.74000549316406,158.7100067138672,22530800,2022-09-08
1662730200,169.14999389648438,169.5399932861328,163.02000427246094,163.25,22086800,2022-09-09
1662989400,168.9600067138672,171.38999938964844,167.27999877929688,167.38999938964844,23220400,2022-09-12
1663075800,153.1300048828125,161.6300048828125,152.6699981689453,161.5399932861328,44444100,2022-09-13
1663162200,151.47000122070312,153.5399932861328,149.0500030517578,153.3300018310547,43064200,2022-09-14
1663248600,149.5500030517578,154.1999969482422,148.6999969482422,149.8000030517578,34606300,2022-09-15
1663335000,146.2899932861328,148.5800018310547,144.2899932861328,148.0500030517578,40122800,2022-09-16
1663594200,148.02000427246094,148.5800018310547,145.10000610351562,145.24000549316406,22169500,2022-09-19
1663680600,146.08999633789062,148.83999633789062,145.22000122070312,145.77999877929688,23217400,2022-09-20
1663767000,142.1199951171875,149.60000610351562,142.0,146.38999938964844,38338600,2022-09-21
1663853400,142.82000732421875,144.5800018310547,140.8699951171875,141.5500030517578,34418500,2022-09-22
1663939800,140.41000366210938,142.6199951171875,138.88999938964844,141.4199981689453,31710700,2022-09-23
1664199000,136.3699951171875,142.24000549316406,136.19000244140625,140.1199951171875,30497000,2022-09-26
1664285400,134.39999389648438,139.4199981689453,134.1199951171875,137.9199981689453,30826500,2022-09-27
1664371800,141.61000061035156,142.02999877929688,134.27000427246094,134.6199951171875,32658500,2022-09-28
1664458200,136.41000366210938,139.83999633789062,135.1999969482422,139.36000061035156,38985400,2022-09-29
1664544600,135.67999267578125,140.99000549316406,135.5,136.0500030517578,33166400,2022-09-30
1664803800,138.61000061035156,139.6199951171875,136.10000610351562,137.13999938964844,27723100,2022-10-03
1664890200,140.27999877929688,142.38999938964844,139.33999633789062,140.49000549316406,34670700,2022-10-04
1664976600,138.97999572753906,140.2100067138672,134.77999877929688,138.24000549316406,27979300,2022-10-05
1665063000,139.07000732421875,141.4499969482422,136.60000610351562,137.72000122070312,36231100,2022-10-06
1665149400,133.4499969482422,138.2899932861328,132.44000244140625,136.75999450683594,33214800,2022-10-07
1665408600,133.7899932861328,136.11000061035156,131.8699951171875,133.5500030517578,24024000,2022-10-10
1665495000,128.5399932861328,132.66000366210938,126.98999786376953,131.6199951171875,38481400,2022-10-11
1665581400,127.5,129.6699981689453,126.25,128.32000732421875,34605200,2022-10-12
1665667800,130.2899932861328,131.13999938964844,122.52999877929688,123.52999877929688,34325700,2022-10-13
1665754200,126.76000213623047,131.7899932861328,126.5199966430664,131.0,23559400,2022-10-14
1666013400,134.0399932861328,134.7899932861328,130.17999267578125,130.3000030517578,29612200,2022-10-17
1666099800,132.8000030517578,137.83999633789062,131.39999389648438,137.08999633789062,25445000,2022-10-18
1666186200,133.22999572753906,137.0,132.22000122070312,132.88999938964844,30691000,2022-10-19
1666272600,131.52999877929688,136.77000427246094,131.30999755859375,132.92999267578125,26356300,2022-10-20
1666359000,130.00999450683594,130.1199951171875,125.44000244140625,126.30999755859375,46348600,2022-10-21
1666618200,129.72000122070312,133.47999572753906,124.56999969482422,127.25,63563400,2022-10-24
1666704600,137.50999450683594,138.35000610351562,130.58999633789062,130.8800048828125,38433200,2022-10-25
1666791000,129.82000732421875,135.5500030517578,128.52999877929688,131.67999267578125,82791500,2022-10-26
1666877400,97.94000244140625,102.5,96.37999725341797,97.9800033569336,232316600,2022-10-27
1666963800,99.19999694824219,100.8499984741211,97.51000213623047,99.58000183105469,95928300,2022-10-28
1667223000,93.16000366210938,99.31999969482422,92.5999984741211,98.22000122070312,121361400,2022-10-31
1667309400,95.19999694824219,97.48999786376953,93.55000305175781,94.33000183105469,110189600,2022-11-01
1667395800,90.54000091552734,95.19999694824219,90.4800033569336,94.20999908447266,71821100,2022-11-02
1667482200,88.91000366210938,90.45999908447266,88.41000366210938,90.08000183105469,60664000,2022-11-03
1667568600,90.79000091552734,91.38999938964844,88.08999633789062,90.3499984741211,55638100,2022-11-04
1667831400,96.72000122070312,96.87999725341797,93.0999984741211,94.77999877929688,81987300,2022-11-07
1667917800,96.47000122070312,97.80000305175781,94.79000091552734,95.91999816894531,52088300,2022-11-08
1668004200,101.47000122070312,104.9000015258789,100.73999786376953,101.72000122070312,107677300,2022-11-09
1668090600,111.87000274658203,112.75,104.61000061035156,107.12000274658203,80671000,2022-11-10
1668177000,113.0199966430664,114.9000015258789,108.80999755859375,109.2300033569336,59961700,2022-11-11
1668436200,114.22000122070312,116.2699966430664,110.80000305175781,110.98999786376953,53395000,2022-11-14
1668522600,117.08000183105469,118.73999786376953,114.41000366210938,116.06999969482422,50670500,2022-11-15
1668609000,113.2300033569336,116.08000183105469,112.66000366210938,114.5,33287800,2022-11-16
1668695400,111.44999694824219,112.33000183105469,109.80000305175781,110.41000366210938,35093800,2022-11-17
1668781800,112.05000305175781,114.31999969482422,110.62000274658203,113.80000305175781,33357700,2022-11-18
1669041000,109.86000061035156,112.37000274658203,109.19000244140625,111.5199966430664,24351100,2022-11-21
1669127400,111.44000244140625,111.62000274658203,108.31999969482422,109.86000061035156,29029000,2022-11-22
1669213800,112.23999786376953,112.66999816894531,110.7300033569336,111.72000122070312,21343100,2022-11-23
1669386600,111.41000366210938,112.7300033569336,111.0199966430664,111.30000305175781,12007600,2022-11-25
1669645800,108.77999877929688,112.04000091552734,108.37999725341797,110.77999877929688,23309400,2022-11-28
1669732200,109.45999908447266,110.94000244140625,108.54000091552734,109.54000091552734,23899200,2022-11-29
1669818600,118.0999984741211,118.16000366210938,109.37999725341797,109.51000213623047,43348600,2022-11-30
1669905000,120.44000244140625,121.19999694824219,118.4000015258789,119.19999694824219,36551400,2022-12-01
1669991400,123.48999786376953,124.04000091552734,117.61000061035156,117.83000183105469,39950500,2022-12-02
1670250600,122.43000030517578,124.66999816894531,121.3499984741211,121.75,35474900,2022-12-05
1670337000,114.12000274658203,120.55000305175781,113.73999786376953,119.91000366210938,43689200,2022-12-06
1670423400,113.93000030517578,115.87999725341797,112.87999725341797,113.76000213623047,29461100,2022-12-07
1670509800,115.33000183105469,117.33999633789062,114.58999633789062,116.38999938964844,30619400,2022-12-08
1670596200,115.9000015258789,117.54000091552734,113.87000274658203,115.30000305175781,26033400,2022-12-09
1670855400,114.70999908447266,115.72000122070312,113.13999938964844,115.18000030517578,24747100,2022-12-12
1670941800,120.1500015258789,123.30000305175781,118.63999938964844,122.12999725341797,44701100,2022-12-13
1671028200,121.58999633789062,124.13999938964844,119.38999938964844,119.38999938964844,36922000,2022-12-14
1671114600,116.1500015258789,118.62999725341797,114.01000213623047,118.33000183105469,34531000,2022-12-15
1671201000,119.43000030517578,123.30999755859375,118.81999969482422,120.2300033569336,67064000,2022-12-16
1671460200,114.4800033569336,117.80000305175781,114.33000183105469,116.83000183105469,29769900,2022-12-19
1671546600,117.08999633789062,117.33000183105469,112.45999908447266,113.26000213623047,28742500,2022-12-20
1671633000,119.76000213623047,120.33999633789062,115.62000274658203,116.69999694824219,20392800,2022-12-21
1671719400,117.12000274658203,118.62000274658203,114.37999725341797,117.19999694824219,23618100,2022-12-22
1671805800,118.04000091552734,118.18000030517578,115.54000091552734,116.02999877929688,17796600,2022-12-23
1672151400,116.87999725341797,118.5999984741211,116.05000305175781,117.93000030517578,21392300,2022-12-27
1672237800,115.62000274658203,118.1500015258789,115.51000213623047,116.25,19612500,2022-12-28
1672324200,120.26000213623047,121.02999877929688,115.7699966430664,116.4000015258789,22366200,2022-12-29
1672410600,120.33999633789062,120.41999816894531,117.73999786376953,118.16000366210938,19583800,2022-12-30
1672756200,124.73999786376953,126.37000274658203,122.27999877929688,122.81999969482422,35528500,2023-01-03
1672842600,127.37000274658203,129.0500030517578,125.8499984741211,127.37999725341797,32397100,2023-01-04
1672929000,126.94000244140625,128.52000427246094,124.54000091552734,126.12999725341797,25447100,2023-01-05
1673015400,130.02000427246094,130.3300018310547,126.04000091552734,128.97000122070312,27584500,2023-01-06
1673274600,129.47000122070312,132.9499969482422,129.27999877929688,131.16000366210938,26649100,2023-01-09
1673361000,132.99000549316406,133.44000244140625,127.1500015258789,127.2699966430664,28684400,2023-01-10
1673447400,132.88999938964844,133.85000610351562,130.33999633789062,130.9600067138672,25423000,2023-01-11
1673533800,136.7100067138672,137.67999267578125,131.75999450683594,133.44000244140625,30757700,2023-01-12
1673620200,136.97999572753906,137.38999938964844,134.83999633789062,134.97000122070312,22423800,2023-01-13
1673965800,135.36000061035156,136.75,134.25,136.17999267578125,21147600,2023-01-17
1674052200,133.02000427246094,137.25,132.8000030517578,135.80999755859375,20215500,2023-01-18
1674138600,136.14999389648438,137.4499969482422,132.13999938964844,132.49000549316406,28625200,2023-01-19
1674225000,139.3699951171875,139.94000244140625,134.61000061035156,135.88999938964844,28688600,2023-01-20
1674484200,143.27000427246094,143.75999450683594,138.66000366210938,139.2899932861328,27470100,2023-01-23
1674570600,143.13999938964844,145.0,141.36000061035156,141.69000244140625,21970200,2023-01-24
1674657000,141.5,143.1699981689453,140.30999755859375,141.22000122070312,26622000,2023-01-25
1674743400,147.3000030517578,147.50999450683594,143.3000030517578,144.39999389648438,25482100,2023-01-26
1674829800,151.74000549316406,153.19000244140625,147.38999938964844,148.24000549316406,35771900,2023-01-27
1675089000,147.05999755859375,151.1199951171875,146.9499969482422,149.41000366210938,28040100,2023-01-30
1675175400,148.97000122070312,149.8800048828125,147.52000427246094,147.9499969482422,29842100,2023-01-31
1675261800,153.1199951171875,153.5800018310547,147.05999755859375,148.02999877929688,55661000,2023-02-01
1675348200,188.77000427246094,197.16000366210938,180.16000366210938,183.3800048828125,150475700,2023-02-02
1675434600,186.52999877929688,196.77000427246094,182.88999938964844,183.47000122070312,76809700,2023-02-03
1675693800,186.05999755859375,190.6999969482422,185.52000427246094,186.52999877929688,42483800,2023-02-06
1675780200,191.6199951171875,193.77999877929688,184.39999389648438,185.5800018310547,47080700,2023-02-07
1675866600,183.42999267578125,190.8300018310547,182.9199981689453,190.0,36139100,2023-02-08
1675953000,177.9199981689453,186.64999389648438,177.27000427246094,186.1300048828125,37118800,2023-02-09
1676039400,174.14999389648438,178.88999938964844,173.35000610351562,176.35000610351562,33433600,2023-02-10
1676298600,179.42999267578125,181.0,175.82000732421875,178.22000122070312,31463200,2023-02-13
1676385000,179.47999572753906,181.50999450683594,175.8800048828125,177.16000366210938,24034600,2023-02-14
1676471400,177.16000366210938,178.19000244140625,175.3300018310547,176.4199981689453,25308900,2023-02-15
1676557800,172.44000244140625,175.85000610351562,171.7899932861328,172.75,25827500,2023-02-16
1676644200,172.8800048828125,173.17999267578125,169.6999969482422,170.22000122070312,24171300,2023-02-17
1676989800,172.0800018310547,178.1699981689453,171.8800048828125,174.30999755859375,34592600,2023-02-21
1677076200,171.1199951171875,172.75999450683594,169.69000244140625,171.07000732421875,22433200,2023-02-22
1677162600,172.0399932861328,173.69000244140625,169.3800048828125,172.0,20017800,2023-02-23
1677249000,170.38999938964844,170.72000122070312,167.66000366210938,168.63999938964844,19791300,2023-02-24
1677508200,169.5399932861328,173.1199951171875,169.05999755859375,171.8800048828125,19277000,2023-02-27
1677594600,174.94000244140625,177.5500030517578,171.8699951171875,171.89999389648438,46051100,2023-02-28
1677681000,173.4199981689453,177.85000610351562,173.0500030517578,174.58999633789062,30998400,2023-03-01
1677767400,174.52999877929688,175.00999450683594,171.42999267578125,172.3800048828125,17352000,2023-03-02
1677853800,185.25,186.6199951171875,177.0500030517578,178.9199981689453,45877700,2023-03-03
1678113000,184.89999389648438,189.66000366210938,184.63999938964844,188.0,33209400,2023-03-06
1678199400,184.50999450683594,190.36000061035156,184.00999450683594,189.0,36701500,2023-03-07
1678285800,184.97000122070312,185.25999450683594,181.33999633789062,182.8699951171875,19432400,2023-03-08
1678372200,181.69000244140625,188.92999267578125,180.3000030517578,186.35000610351562,26582800,2023-03-09
1678458600,179.50999450683594,184.77000427246094,178.8000030517578,181.00999450683594,25665000,2023-03-10
1678714200,180.89999389648438,183.77999877929688,174.82000732421875,177.9600067138672,24728000,2023-03-13
1678800600,194.02000427246094,194.32000732421875,186.55999755859375,187.5800018310547,41642600,2023-03-14
1678887000,197.75,197.77999877929688,190.83999633789062,192.9499969482422,42123600,2023-03-15
1678973400,204.92999267578125,205.75999450683594,196.08999633789062,198.25999450683594,50447100,2023-03-16
1679059800,195.61000061035156,201.89999389648438,195.42999267578125,200.55999755859375,50141100,2023-03-17
1679319000,197.80999755859375,199.36000061035156,193.63999938964844,198.47999572753906,25186300,2023-03-20
1679405400,202.16000366210938,203.5500030517578,197.9499969482422,203.1999969482422,31827000,2023-03-21
1679491800,199.80999755859375,207.3699951171875,199.6699981689453,202.5,28477800,2023-03-22
1679578200,204.27999877929688,207.8800048828125,202.14999389648438,202.83999633789062,27389700,2023-03-23
1679664600,206.00999450683594,207.5800018310547,203.5500030517578,205.17999267578125,27716400,2023-03-24
1679923800,202.83999633789062,205.86000061035156,201.36000061035156,204.80999755859375,18527200,2023-03-27
1680010200,200.67999267578125,201.02999877929688,197.89999389648438,200.14999389648438,19127300,2023-03-28
1680096600,205.35000610351562,205.72000122070312,202.5399932861328,203.55999755859375,18851100,2023-03-29
1680183000,207.83999633789062,208.08999633789062,202.82000732421875,203.3800048828125,22608300,2023-03-30
1680269400,211.94000244140625,212.1699981689453,206.77000427246094,207.24000549316406,25440300,2023-03-31
1680528600,213.07000732421875,213.49000549316406,208.1999969482422,208.83999633789062,17924600,2023-04-03
1680615000,214.72000122070312,216.24000549316406,212.5399932861328,213.38999938964844,21026400,2023-04-04
1680701400,211.47999572753906,215.19000244140625,209.94000244140625,214.14999389648438,19396600,2023-04-05
1680787800,216.10000610351562,216.94000244140625,208.64999389648438,209.25,26104400,2023-04-06
1681133400,214.75,215.66000366210938,210.66000366210938,214.7100067138672,16106100,2023-04-10
1681219800,213.85000610351562,216.02000427246094,213.41000366210938,215.47999572753906,16710100,2023-04-11
1681306200,214.0,216.83999633789062,212.5800018310547,214.83999633789062,18972200,2023-04-12
1681392600,220.35000610351562,221.14999389648438,215.69000244140625,215.72999572753906,23310400,2023-04-13
1681479000,221.49000549316406,222.11000061035156,217.5500030517578,217.8800048828125,21591200,2023-04-14
1681738200,218.86000061035156,220.97999572753906,217.1300048828125,219.7899932861328,15481900,2023-04-17
1681824600,217.88999938964844,220.44000244140625,216.2100067138672,219.91000366210938,12281000,2023-04-18
1681911000,215.6999969482422,217.3300018310547,212.92999267578125,213.47000122070312,15898100,2023-04-19
1681997400,213.07000732421875,216.75,212.77000427246094,213.47999572753906,16475400,2023-04-20
1682083800,212.88999938964844,213.41000366210938,209.5800018310547,210.2100067138672,17717200,2023-04-21
1682343000,212.7899932861328,213.9199981689453,210.7100067138672,213.67999267578125,15750900,2023-04-24
1682429400,207.5500030517578,211.25999450683594,207.1300048828125,210.82000732421875,19198200,2023-04-25
1682515800,209.39999389648438,214.11000061035156,208.8800048828125,212.5,41992700,2023-04-26
1682602200,238.55999755859375,241.69000244140625,236.77000427246094,239.88999938964844,71196500,2023-04-27
1682688600,240.32000732421875,240.42999267578125,235.75,239.00999450683594,39554000,2023-04-28
1682947800,243.17999267578125,244.0,236.4600067138672,238.6199951171875,29143900,2023-05-01
1683034200,239.24000549316406,244.9199981689453,238.99000549316406,243.17999267578125,24350100,2023-05-02
1683120600,237.02999877929688,241.75,232.75,239.47000122070312,34463900,2023-05-03
1683207000,233.52000427246094,238.1999969482422,232.92999267578125,236.05999755859375,17889400,2023-05-04
1683293400,232.77999877929688,234.67999267578125,229.85000610351562,232.24000549316406,27000500,2023-05-05
1683552600,233.27000427246094,235.6199951171875,230.27000427246094,231.4199981689453,16400500,2023-05-08
1683639000,233.3699951171875,235.8800048828125,231.0800018310547,231.4600067138672,16865600,2023-05-09
1683725400,233.0800018310547,236.75,230.72000122070312,236.1699981689453,19119000,2023-05-10
1683811800,235.7899932861328,238.2100067138672,232.3000030517578,233.0500030517578,20449000,2023-05-11
1683898200,233.80999755859375,236.9600067138672,231.4499969482422,236.74000549316406,16161400,2023-05-12
1684157400,238.86000061035156,240.25999450683594,235.3300018310547,236.9199981689453,20653200,2023-05-15
1684243800,238.82000732421875,239.63999938964844,235.52000427246094,235.7899932861328,18163800,2023-05-16
1684330200,242.49000549316406,243.83999633789062,238.13999938964844,238.4499969482422,21193100,2023-05-17
1684416600,246.85000610351562,247.08999633789062,241.19000244140625,241.3000030517578,22943300,2023-05-18
1684503000,245.63999938964844,248.69000244140625,243.41000366210938,247.47000122070312,21733600,2023-05-19
1684762200,248.32000732421875,253.57000732421875,245.1199951171875,245.41000366210938,27738500,2023-05-22
1684848600,246.74000549316406,251.61000061035156,246.64999389648438,246.80999755859375,17748100,2023-05-23
1684935000,249.2100067138672,249.58999633789062,244.9499969482422,245.27999877929688,17724300,2023-05-24
1685021400,252.69000244140625,255.6199951171875,249.1699981689453,253.39999389648438,22371400,2023-05-25
1685107800,262.0400085449219,262.30999755859375,252.7100067138672,252.92999267578125,25727200,2023-05-26
1685453400,262.5199890136719,268.6499938964844,261.2900085449219,265.25,23816500,2023-05-30
1685539800,264.7200012207031,265.0,258.45001220703125,260.0,25473700,2023-05-31
1685626200,272.6099853515625,274.0,265.8900146484375,265.8999938964844,25609500,2023-06-01
1685712600,272.6099853515625,275.3500061035156,271.1199951171875,272.6600036621094,19416900,2023-06-02
1685971800,271.3900146484375,275.57000732421875,269.55999755859375,270.29998779296875,20742900,2023-06-05
1686058200,271.1199951171875,276.57000732421875,269.69000244140625,270.1400146484375,19419000,2023-06-06
1686144600,263.6000061035156,274.25,262.79998779296875,271.6700134277344,26163600,2023-06-07
1686231000,264.5799865722656,267.6499938964844,258.8800048828125,260.6199951171875,20899400,2023-06-08
1686317400,264.95001220703125,267.95001220703125,261.70001220703125,262.4800109863281,16949800,2023-06-09
1686576600,271.04998779296875,271.75,265.3299865722656,267.1700134277344,15442500,2023-06-12
1686663000,271.32000732421875,275.7200012207031,269.0899963378906,274.8800048828125,16164000,2023-06-13
1686749400,273.3500061035156,274.989990234375,268.32000732421875,271.8900146484375,19175100,2023-06-14
1686835800,281.8299865722656,283.989990234375,271.4200134277344,272.29998779296875,25973500,2023-06-15
1686922200,281.0,287.8500061035156,280.1300048828125,284.75,43127700,2023-06-16
1687267800,284.3299865722656,284.79998779296875,276.2200012207031,278.7300109863281,20701600,2023-06-20
1687354200,281.6400146484375,284.0,278.3599853515625,283.5299987792969,20556200,2023-06-21
1687440600,284.8800048828125,285.260009765625,277.7900085449219,279.0799865722656,17563100,2023-06-22
1687527000,288.7300109863281,289.6700134277344,278.95001220703125,281.510009765625,51092000,2023-06-23
1687786200,278.4700012207031,289.7900085449219,277.6000061035156,288.70001220703125,24232700,2023-06-26
1687872600,287.04998779296875,289.3500061035156,280.6499938964844,282.010009765625,26108300,2023-06-27
1687959000,285.2900085449219,289.54998779296875,284.05999755859375,284.82000732421875,16722100,2023-06-28
1688045400,281.5299987792969,286.57000732421875,280.69000244140625,284.5,15395700,2023-06-29
1688131800,286.9800109863281,289.04998779296875,284.4200134277344,284.760009765625,19694900,2023-06-30
1688391000,286.0199890136719,289.3999938964844,284.8500061035156,286.70001220703125,8629300,2023-07-03
1688563800,294.3699951171875,298.1199951171875,286.3599853515625,287.6499938964844,33865500,2023-07-05
1688650200,291.989990234375,298.1199951171875,291.30999755859375,295.8900146484375,47600500,2023-07-06
1688736600,290.5299987792969,296.20001220703125,288.6600036621094,292.17999267578125,25586000,2023-07-07
1688995800,294.1000061035156,298.1300048828125,287.04998779296875,295.54998779296875,37058300,2023-07-10
1689082200,298.2900085449219,300.17999267578125,291.8999938964844,293.8999938964844,27585900,2023-07-11
1689168600,309.3399963378906,309.45001220703125,300.1000061035156,301.75,36677100,2023-07-12
1689255000,313.4100036621094,316.239990234375,310.2900085449219,313.6199951171875,30281000,2023-07-13
1689341400,308.8699951171875,314.8800048828125,307.3599853515625,311.7900085449219,23054100,2023-07-14
1689600600,310.6199951171875,311.7099914550781,304.7099914550781,307.5400085449219,25323100,2023-07-17
1689687000,312.04998779296875,314.20001220703125,307.6199951171875,310.8800048828125,20731900,2023-07-18
1689773400,316.010009765625,318.67999267578125,310.5199890136719,313.0299987792969,21763700,2023-07-19
1689859800,302.5199890136719,315.5400085449219,302.2200012207031,313.5,23836900,2023-07-20
1689946200,294.260009765625,305.4599914550781,291.20001220703125,304.57000732421875,42139300,2023-07-21
1690205400,291.6099853515625,297.5199890136719,288.29998779296875,295.7799987792969,24915700,2023-07-24
1690291800,294.4700012207031,298.29998779296875,291.8599853515625,295.19000244140625,19585600,2023-07-25
1690378200,298.57000732421875,301.7699890136719,291.8999938964844,301.19000244140625,47256900,2023-07-26
1690464600,311.7099914550781,325.3500061035156,309.8399963378906,325.1199951171875,64229200,2023-07-27
1690551000,325.4800109863281,326.20001220703125,314.25,316.8800048828125,39220300,2023-07-28
1690810200,318.6000061035156,325.6600036621094,317.5899963378906,323.69000244140625,25799600,2023-07-31
1690896600,322.7099914550781,324.1400146484375,314.6600036621094,317.5400085449219,22817900,2023-08-01
1690983000,314.30999755859375,318.3900146484375,310.6499938964844,318.0,20461100,2023-08-02
1691069400,313.19000244140625,315.95001220703125,309.92999267578125,309.92999267578125,15180200,2023-08-03
1691155800,310.7300109863281,318.4100036621094,310.20001220703125,314.9599914550781,17612800,2023-08-04
1691415000,316.55999755859375,317.07000732421875,310.4599914550781,313.2300109863281,16236500,2023-08-07
1691501400,312.6400146484375,317.8900146484375,310.1099853515625,314.3999938964844,15183500,2023-08-08
1691587800,305.2099914550781,313.6300048828125,302.8500061035156,312.8800048828125,19955800,2023-08-09
1691674200,305.739990234375,312.3399963378906,303.8699951171875,307.94000244140625,14358900,2023-08-10
1691760600,301.6400146484375,304.7200012207031,300.3599853515625,302.57000732421875,14046300,2023-08-11
1692019800,306.19000244140625,306.2099914550781,298.25,300.9800109863281,15641900,2023-08-14
1692106200,301.95001220703125,307.2300109863281,300.0299987792969,306.1400146484375,11623600,2023-08-15
1692192600,294.2900085449219,301.0799865722656,294.2799987792969,300.20001220703125,18547700,2023-08-16
1692279000,285.0899963378906,296.04998779296875,284.95001220703125,293.04998779296875,23950100,2023-08-17
1692365400,283.25,285.69000244140625,274.3800048828125,279.0299987792969,35347900,2023-08-18
1692624600,289.8999938964844,290.5,281.8500061035156,283.45001220703125,20181500,2023-08-21
1692711000,287.6000061035156,292.8999938964844,286.75,292.54998779296875,12980200,2023-08-22
1692797400,294.239990234375,297.3999938964844,287.6700134277344,288.5,18287000,2023-08-23
1692883800,286.75,299.4599914550781,286.6400146484375,298.5,18360900,2023-08-24
1692970200,285.5,288.3900146484375,276.0299987792969,286.1300048828125,23701400,2023-08-25
1693229400,290.260009765625,291.45001220703125,285.79998779296875,288.0,14239300,2023-08-28
1693315800,297.989990234375,299.1499938964844,288.17999267578125,288.5799865722656,20844500,2023-08-29
1693402200,295.1000061035156,298.2900085449219,293.42999267578125,297.1700134277344,17717000,2023-08-30
1693488600,295.8900146484375,301.1000061035156,295.6600036621094,295.79998779296875,17229900,2023-08-31
1693575000,296.3800048828125,301.739990234375,294.4700012207031,299.3699951171875,12842300,2023-09-01
1693920600,300.1499938964844,301.3900146484375,295.510009765625,297.0199890136719,14956000,2023-09-05
1694007000,299.1700134277344,303.29998779296875,295.6600036621094,301.7099914550781,15418100,2023-09-06
1694093400,298.6700134277344,307.04998779296875,292.2200012207031,298.0,33748700,2023-09-07
1694179800,297.8900146484375,305.25,296.7799987792969,299.2200012207031,17548000,2023-09-08
1694439000,307.55999755859375,309.0400085449219,301.2799987792969,301.4100036621094,19489300,2023-09-11
1694525400,301.6600036621094,308.6600036621094,300.2300109863281,306.3299865722656,13480400,2023-09-12
1694611800,305.05999755859375,307.17999267578125,301.32000732421875,302.3599853515625,13210900,2023-09-13
1694698200,311.7200012207031,312.8699951171875,305.0299987792969,306.739990234375,19343100,2023-09-14
1694784600,300.30999755859375,312.0,298.75,311.6099853515625,28131100,2023-09-15
1695043800,302.54998779296875,303.6000061035156,297.79998779296875,298.19000244140625,14234200,2023-09-18
1695130200,305.07000732421875,306.1700134277344,299.80999755859375,302.4800109863281,15924400,2023-09-19
1695216600,299.6700134277344,308.05999755859375,299.42999267578125,305.04998779296875,19379500,2023-09-20
1695303000,295.7300109863281,300.260009765625,293.2699890136719,295.70001220703125,21319600,2023-09-21
1695389400,299.0799865722656,305.3800048828125,298.2699890136719,299.29998779296875,25369600,2023-09-22
1695648600,300.8299865722656,300.95001220703125,293.70001220703125,295.6400146484375,18987000,2023-09-25
1695735000,298.9599914550781,300.29998779296875,296.010009765625,297.6600036621094,19417200,2023-09-26
1695821400,297.739990234375,301.29998779296875,286.7900085449219,300.45001220703125,36429800,2023-09-27
1695907800,303.9599914550781,306.3299865722656,296.70001220703125,298.94000244140625,22167100,2023-09-28
1695994200,300.2099914550781,310.6400146484375,299.3599853515625,307.3800048828125,25373700,2023-09-29
1696253400,306.82000732421875,307.17999267578125,301.6300048828125,302.739990234375,16265600,2023-10-02
1696339800,300.94000244140625,306.7699890136719,299.6400146484375,304.260009765625,17362300,2023-10-03
1696426200,305.5799865722656,306.8999938964844,298.5,298.7300109863281,16880500,2023-10-04
1696512600,304.7900085449219,306.2099914550781,299.5,304.6300048828125,19130000,2023-10-05
1696599000,315.42999267578125,316.30999755859375,300.9100036621094,301.44000244140625,21803900,2023-10-06
1696858200,318.3599853515625,320.3299865722656,311.82000732421875,312.5,22503700,2023-10-09
1696944600,321.8399963378906,324.6600036621094,318.1600036621094,319.1199951171875,19038000,2023-10-10
1697031000,327.82000732421875,328.8399963378906,322.95001220703125,323.010009765625,22036300,2023-10-11
1697117400,324.1600036621094,330.5400085449219,322.69000244140625,328.0,20530500,2023-10-12
1697203800,314.69000244140625,325.04998779296875,312.3699951171875,323.5299987792969,21341000,2023-10-13
1697463000,321.1499938964844,321.82000732421875,315.5199890136719,318.6400146484375,16536100,2023-10-16
1697549400,324.0,324.3999938964844,317.29998779296875,318.17999267578125,16387800,2023-10-17
1697635800,316.9700012207031,325.94000244140625,315.55999755859375,321.3900146484375,16851000,2023-10-18
1697722200,312.80999755859375,321.8900146484375,311.75,319.8800048828125,18709200,2023-10-19
1697808600,308.6499938964844,315.29998779296875,306.4700012207031,314.1400146484375,22312300,2023-10-20
1698067800,314.010009765625,317.3599853515625,307.260009765625,309.5,17796800,2023-10-23
1698154200,312.54998779296875,318.3500061035156,310.6300048828125,316.7799987792969,19525500,2023-10-24
1698240600,299.5299987792969,310.8800048828125,298.8399963378906,310.0,42192500,2023-10-25
1698327000,288.3500061035156,295.0,279.3999938964844,295.0,66684100,2023-10-26
1698413400,296.7300109863281,299.30999755859375,292.9700012207031,294.4800109863281,29596300,2023-10-27
1698672600,302.6600036621094,309.3999938964844,299.04998779296875,299.0899963378906,28435100,2023-10-30
1698759000,301.2699890136719,303.67999267578125,296.8599853515625,303.30999755859375,19434200,2023-10-31
1698845400,311.8500061035156,312.739990234375,301.8500061035156,301.8500061035156,20434600,2023-11-01
1698931800,310.8699951171875,318.82000732421875,308.3299865722656,317.29998779296875,21631800,2023-11-02
1699018200,314.6000061035156,315.54998779296875,311.0199890136719,312.54998779296875,16764300,2023-11-03
1699281000,315.79998779296875,318.3299865722656,314.45001220703125,315.9800109863281,12887700,2023-11-06
1699367400,318.82000732421875,321.0,315.1199951171875,317.05999755859375,14055600,2023-11-07
1699453800,319.7799987792969,321.3299865722656,314.8800048828125,318.1400146484375,13609700,2023-11-08
1699540200,320.54998779296875,324.17999267578125,318.79998779296875,319.4200134277344,16103100,2023-11-09
1699626600,328.7699890136719,329.1000061035156,319.4599914550781,319.94000244140625,19096200,2023-11-10
1699885800,329.19000244140625,332.3299865722656,325.70001220703125,326.20001220703125,16908900,2023-11-13
1699972200,336.30999755859375,338.1000061035156,333.3299865722656,334.5400085449219,17179400,2023-11-14
1700058600,332.7099914550781,338.3999938964844,330.0199890136719,337.92999267578125,14531200,2023-11-15
1700145000,334.19000244140625,334.5799865722656,326.3800048828125,329.3699951171875,18932600,2023-11-16
1700231400,335.0400085449219,335.5,329.3500061035156,330.260009765625,14494400,2023-11-17
1700490600,339.9700012207031,341.8699951171875,334.19000244140625,334.8900146484375,16960500,2023-11-20
1700577000,336.9800109863281,339.8999938964844,335.8999938964844,338.3299865722656,12027900,2023-11-21
1700663400,341.489990234375,342.9200134277344,338.5799865722656,339.2099914550781,10702700,2023-11-22
1700836200,338.2300109863281,341.8599853515625,336.7699890136719,340.1300048828125,5467500,2023-11-24
1701095400,334.70001220703125,339.8999938964844,334.20001220703125,336.17999267578125,15684500,2023-11-27
1701181800,338.989990234375,339.3800048828125,333.3999938964844,333.3999938964844,12637200,2023-11-28
1701268200,332.20001220703125,339.8999938964844,330.7799987792969,339.69000244140625,16024500,2023-11-29
1701354600,327.1499938964844,333.5,322.3999938964844,331.8900146484375,23146400,2023-11-30
1701441000,324.82000732421875,326.8599853515625,320.760009765625,325.4800109863281,15276400,2023-12-01
1701700200,320.0199890136719,320.8599853515625,313.6600036621094,317.2900085449219,19037100,2023-12-04
1701786600,318.2900085449219,321.8800048828125,315.3900146484375,318.9800109863281,16952100,2023-12-05
1701873000,317.45001220703125,322.25,317.0400085449219,321.92999267578125,11294300,2023-12-06
1701959400,326.5899963378906,328.239990234375,317.7699890136719,317.7699890136719,15905100,2023-12-07
1702045800,332.75,333.1700134277344,323.0,323.0899963378906,14087400,2023-12-08
1702305000,325.2799987792969,329.8900146484375,320.0,329.3999938964844,25802500,2023-12-11
1702391400,334.2200012207031,334.4700012207031,324.55999755859375,324.6000061035156,18485500,2023-12-12
1702477800,334.739990234375,338.3699951171875,332.6400146484375,333.92999267578125,16353300,2023-12-13
1702564200,333.1700134277344,334.70001220703125,328.6400146484375,333.8500061035156,19607300,2023-12-14
1702650600,334.9200134277344,338.6600036621094,331.2200012207031,331.989990234375,31776900,2023-12-15
1702909800,344.6199951171875,347.55999755859375,337.0199890136719,337.4800109863281,18993900,2023-12-18
1702996200,350.3599853515625,353.6000061035156,345.1199951171875,345.5799865722656,17729400,2023-12-19
1703082600,349.2799987792969,354.9599914550781,347.7900085449219,348.6499938964844,16369900,2023-12-20
1703169000,354.0899963378906,356.4100036621094,349.2099914550781,352.9800109863281,15289600,2023-12-21
1703255400,353.3900146484375,357.20001220703125,351.2200012207031,355.5799865722656,11772800,2023-12-22
1703601000,354.8299865722656,356.9800109863281,353.45001220703125,354.989990234375,9898600,2023-12-26
1703687400,357.8299865722656,359.0,355.30999755859375,356.07000732421875,13207900,2023-12-27
1703773800,358.32000732421875,361.8999938964844,357.80999755859375,359.70001220703125,11798800,2023-12-28
1703860200,353.9599914550781,360.0,351.82000732421875,358.989990234375,14987100,2023-12-29
1704205800,346.2900085449219,353.1600036621094,340.010009765625,351.32000732421875,19042200,2024-01-02
1704292200,344.4700012207031,347.95001220703125,343.17999267578125,344.9800109863281,15451100,2024-01-03
1704378600,347.1199951171875,348.1499938964844,343.3999938964844,344.5,12099900,2024-01-04
1704465000,351.95001220703125,353.5,346.260009765625,346.989990234375,13920700,2024-01-05
1704724200,358.6600036621094,358.9800109863281,352.04998779296875,354.70001220703125,13890200,2024-01-08
1704810600,357.42999267578125,360.6400146484375,355.3599853515625,356.3999938964844,13463900,2024-01-09
1704897000,370.4700012207031,372.94000244140625,359.0799865722656,360.1700134277344,22117200,2024-01-10
1704983400,369.6700134277344,372.7799987792969,362.92999267578125,372.1300048828125,17205400,2024-01-11
1705069800,374.489990234375,377.05999755859375,369.5400085449219,370.1600036621094,19310000,2024-01-12
1705415400,367.4599914550781,375.6099853515625,367.2300109863281,373.6499938964844,15306900,2024-01-16
1705501800,368.3699951171875,368.5400085449219,358.6099853515625,366.29998779296875,12724800,2024-01-17
1705588200,376.1300048828125,376.8500061035156,370.95001220703125,371.489990234375,16354300,2024-01-18
1705674600,383.45001220703125,384.3599853515625,377.9700012207031,379.0,21670800,2024-01-19
1705933800,381.7799987792969,390.3500061035156,381.1600036621094,387.95001220703125,17680500,2024-01-22
1706020200,385.20001220703125,388.3800048828125,382.0799865722656,384.6199951171875,15506100,2024-01-23
1706106600,390.70001220703125,396.1499938964844,387.80999755859375,390.0,15698500,2024-01-24
1706193000,393.17999267578125,395.489990234375,385.6600036621094,390.1700134277344,15091100,2024-01-25
1706279400,394.1400146484375,396.7900085449219,391.5899963378906,394.3500061035156,13163700,2024-01-26
1706538600,401.0199890136719,402.92999267578125,393.1000061035156,394.989990234375,18742400,2024-01-29
1706625000,400.05999755859375,406.3599853515625,399.57000732421875,403.5899963378906,18614700,2024-01-30
1706711400,390.1400146484375,398.0,387.1000061035156,389.0,20180800,2024-01-31
1706797800,394.7799987792969,400.5,393.04998779296875,393.94000244140625,29727100,2024-02-01
1706884200,474.989990234375,485.9599914550781,453.010009765625,459.6000061035156,84707600,2024-02-02
1707143400,459.4100036621094,471.8999938964844,459.2200012207031,469.8800048828125,40832400,2024-02-05
1707229800,454.7200012207031,467.1199951171875,453.0,464.0,21655200,2024-02-06
1707316200,469.5899963378906,471.5199890136719,456.17999267578125,458.0,23066000,2024-02-07
1707402600,470.0,470.5899963378906,465.0299987792969,468.32000732421875,18815100,2024-02-08
1707489000,468.1099853515625,473.5899963378906,467.4700012207031,472.95001220703125,18413100,2024-02-09
1707748200,468.8999938964844,479.1499938964844,466.5799865722656,468.19000244140625,19382000,2024-02-12
1707834600,460.1199951171875,467.8900146484375,455.0899963378906,456.8699951171875,20916600,2024-02-13
1707921000,473.2799987792969,474.1099853515625,466.0899963378906,467.92999267578125,16858400,2024-02-14
1708007400,484.0299987792969,488.6199951171875,472.2200012207031,475.2799987792969,24212300,2024-02-15
1708093800,473.32000732421875,478.9599914550781,469.2099914550781,478.1099853515625,23324600,2024-02-16
1708439400,471.75,476.17999267578125,466.55999755859375,469.7200012207031,18015500,2024-02-20
1708525800,468.0299987792969,469.0,461.7900085449219,466.5,12921800,2024-02-21
1708612200,486.1300048828125,489.989990234375,476.05999755859375,480.239990234375,21625800,2024-02-22
1708698600,484.0299987792969,494.3599853515625,482.3500061035156,488.04998779296875,18374300,2024-02-23
1708957800,481.739990234375,486.1400146484375,480.6000061035156,483.4700012207031,12101400,2024-02-26
1709044200,487.04998779296875,487.2699890136719,479.9200134277344,479.9800109863281,10809600,2024-02-27
1709130600,484.0199890136719,491.04998779296875,482.75,485.0,12715500,2024-02-28
1709217000,490.1300048828125,491.70001220703125,482.6099853515625,488.44000244140625,17732000,2024-02-29
1709303400,502.29998779296875,504.25,491.8500061035156,492.1099853515625,16273600,2024-03-01
1709562600,498.19000244140625,504.4200134277344,496.4200134277344,503.0,12324100,2024-03-04
1709649000,490.2200012207031,495.5799865722656,487.8900146484375,495.0,15325300,2024-03-05
1709735400,496.0899963378906,502.9700012207031,494.2900085449219,497.6300048828125,11757900,2024-03-06
1709821800,512.1900024414062,519.8499755859375,501.3800048828125,503.2799987792969,18586400,2024-03-07
1709908200,505.95001220703125,523.5700073242188,499.3500061035156,514.1900024414062,18597100,2024-03-08
1710163800,483.5899963378906,497.32000732421875,476.0,497.010009765625,20428300,2024-03-11
1710250200,499.75,502.30999755859375,484.7300109863281,493.260009765625,15448200,2024-03-12
1710336600,495.57000732421875,500.9800109863281,491.0299987792969,495.3900146484375,12090700,2024-03-13
1710423000,491.8299865722656,501.3500061035156,488.1600036621094,500.260009765625,12620000,2024-03-14
1710509400,484.1000061035156,491.8299865722656,481.29998779296875,489.010009765625,29153600,2024-03-15
1710768600,496.9800109863281,497.4200134277344,486.80999755859375,491.9100036621094,11755300,2024-03-18
1710855000,496.239990234375,496.6300048828125,481.2799987792969,488.1700134277344,10903100,2024-03-19
1710941400,505.5199890136719,508.20001220703125,495.1700134277344,499.5,11711100,2024-03-20
1711027800,507.760009765625,515.0399780273438,506.010009765625,514.7100219726562,9712500,2024-03-21
1711114200,509.5799865722656,509.9700012207031,504.3399963378906,507.0,8120600,2024-03-22
1711373400,503.0199890136719,507.2200012207031,500.239990234375,505.7900085449219,8380600,2024-03-25
1711459800,495.8900146484375,510.0,495.2099914550781,505.1300048828125,11205400,2024-03-26
1711546200,493.8599853515625,499.8900146484375,488.07000732421875,499.29998779296875,9989700,2024-03-27
1711632600,485.5799865722656,492.8900146484375,485.1499938964844,492.8399963378906,15212800,2024-03-28
1711978200,491.3500061035156,497.42999267578125,481.7799987792969,487.20001220703125,9247000,2024-04-01
1712064600,497.3699951171875,497.5299987792969,484.6499938964844,485.1000061035156,11081000,2024-04-02
1712151000,506.739990234375,507.239990234375,498.75,498.92999267578125,12099200,2024-04-03
1712237400,510.9200134277344,530.0,510.5799865722656,516.4199829101562,26476300,2024-04-04
1712323800,527.3400268554688,530.7000122070312,514.4099731445312,516.8599853515625,19263300,2024-04-05
1712583000,519.25,531.489990234375,518.8900146484375,529.280029296875,13260600,2024-04-08
1712669400,516.9000244140625,525.8699951171875,506.739990234375,522.22998046875,10863800,2024-04-09
1712755800,519.8300170898438,522.5599975585938,505.79998779296875,509.2900085449219,11418500,2024-04-10
1712842200,523.1599731445312,523.8599853515625,517.2899780273438,521.1099853515625,10369500,2024-04-11
1712928600,511.8999938964844,520.1900024414062,509.3299865722656,517.75,11984500,2024-04-12
1713187800,500.2300109863281,518.530029296875,497.2799987792969,516.719970703125,13512900,2024-04-15
1713274200,499.760009765625,504.7699890136719,497.1099853515625,498.1099853515625,9847900,2024-04-16
1713360600,494.1700134277344,503.1600036621094,487.1400146484375,503.1000061035156,12193700,2024-04-17
1713447000,501.79998779296875,512.2100219726562,499.0400085449219,499.82000732421875,14808700,2024-04-18
1713533400,481.07000732421875,502.79998779296875,475.7300109863281,502.79998779296875,25215400,2024-04-19
1713792600,481.7300109863281,492.010009765625,473.3999938964844,489.7200012207031,17271100,2024-04-22
1713879000,496.1000061035156,498.760009765625,488.9700012207031,491.25,15079200,2024-04-23
1713965400,493.5,510.0,484.5799865722656,508.05999755859375,37772700,2024-04-24
1714051800,441.3800048828125,445.7699890136719,414.5,421.3999938964844,82890700,2024-04-25
1714138200,443.2900085449219,446.44000244140625,431.9599914550781,441.4599914550781,32691400,2024-04-26
1714397400,432.6199951171875,439.760009765625,428.55999755859375,439.55999755859375,21502600,2024-04-29
1714483800,430.1700134277344,439.6199951171875,429.7200012207031,431.04998779296875,18429500,2024-04-30
1714570200,439.19000244140625,449.9599914550781,427.1099853515625,428.6000061035156,20344900,2024-05-01
1714656600,441.67999267578125,443.9599914550781,432.2799987792969,438.8399963378906,15221300,2024-05-02
1714743000,451.9599914550781,454.1700134277344,443.8500061035156,445.92999267578125,16489100,2024-05-03
1715002200,465.67999267578125,466.1600036621094,453.3399963378906,455.5799865722656,15094600,2024-05-06
1715088600,468.239990234375,471.5299987792969,461.30999755859375,466.2900085449219,13406800,2024-05-07
1715175000,472.6000061035156,475.5799865722656,463.0,463.5,11683900,2024-05-08
1715261400,475.4200134277344,476.0799865722656,467.6300048828125,470.0,9437700,2024-05-09
1715347800,476.20001220703125,477.5,469.6000061035156,477.0899963378906,10750000,2024-05-10
1715607000,468.010009765625,473.3500061035156,462.8500061035156,472.75,14668800,2024-05-13
1715693400,471.8500061035156,472.5400085449219,460.0799865722656,463.3699951171875,10478600,2024-05-14
1715779800,481.5400085449219,482.5,471.20001220703125,474.9800109863281,13100500,2024-05-15
1715866200,473.2300109863281,477.69000244140625,472.75,475.0,16608200,2024-05-16
1715952600,471.9100036621094,472.79998779296875,468.4200134277344,470.8299865722656,10807300,2024-05-17
1716211800,468.8399963378906,473.20001220703125,467.0400085449219,469.95001220703125,11745100,2024-05-20
1716298200,464.6300048828125,470.70001220703125,462.2699890136719,467.1199951171875,11742200,2024-05-21
1716384600,467.7799987792969,473.7200012207031,465.6499938964844,467.8699951171875,10078600,2024-05-22
1716471000,465.7799987792969,474.3599853515625,461.5400085449219,472.8800048828125,11747900,2024-05-23
1716557400,478.2200012207031,479.8500061035156,466.29998779296875,467.6199951171875,12024300,2024-05-24
1716903000,479.9200134277344,480.8599853515625,474.8399963378906,476.5799865722656,10175800,2024-05-28
1716989400,474.3599853515625,479.8500061035156,473.70001220703125,474.6600036621094,9226200,2024-05-29
1717075800,467.04998779296875,471.7300109863281,464.7099914550781,471.6700134277344,10719600,2024-05-30
1717162200,466.8299865722656,469.1199951171875,454.4599914550781,465.79998779296875,16919800,2024-05-31
1717421400,477.489990234375,479.6000061035156,468.239990234375,470.8599853515625,11279400,2024-06-03
1717507800,476.989990234375,478.8900146484375,473.2300109863281,477.0,7088700,2024-06-04
1717594200,495.05999755859375,496.6499938964844,483.9100036621094,484.45001220703125,15690500,2024-06-05
1717680600,493.760009765625,502.82000732421875,490.8900146484375,492.9800109863281,10667300,2024-06-06
1717767000,492.9599914550781,498.9100036621094,490.1700134277344,495.9100036621094,9380700,2024-06-07
1718026200,502.6000061035156,502.6600036621094,493.4100036621094,493.8599853515625,11220900,2024-06-10
1718112600,507.4700012207031,507.6000061035156,498.2699890136719,500.1600036621094,9673700,2024-06-11
1718199000,508.8399963378906,514.010009765625,504.4700012207031,513.989990234375,11983200,2024-06-12
1718285400,504.1000061035156,509.3599853515625,501.3599853515625,505.7099914550781,9954600,2024-06-13
1718371800,504.1600036621094,507.1499938964844,500.75,502.6499938964844,10243300,2024-06-14
1718631000,506.6300048828125,510.75,496.010009765625,501.6700134277344,11266600,2024-06-17
1718717400,499.489990234375,506.0,495.0199890136719,504.55999755859375,13060400,2024-06-18
1718890200,501.70001220703125,503.6700134277344,496.7699890136719,502.0,11801200,2024-06-20
1718976600,494.7799987792969,503.45001220703125,492.3900146484375,503.45001220703125,22359200,2024-06-21
1719235800,498.9100036621094,507.79998779296875,494.2900085449219,499.20001220703125,13525300,2024-06-24
1719322200,510.6000061035156,510.7099914550781,495.5,497.04998779296875,12063200,2024-06-25
1719408600,513.1199951171875,513.8099975585938,504.67999267578125,506.6499938964844,8882300,2024-06-26
1719495000,519.5599975585938,522.8800048828125,513.9000244140625,514.25,10121200,2024-06-27
1719581400,504.2200012207031,521.8800048828125,503.8399963378906,517.1500244140625,15855100,2024-06-28
1719840600,504.67999267578125,506.5799865722656,493.1700134277344,504.95001220703125,10328200,2024-07-01
1719927000,509.5,510.5,499.45001220703125,500.760009765625,7739500,2024-07-02
1720013400,509.9599914550781,511.2799987792969,506.0199890136719,506.3699951171875,6005600,2024-07-03
1720186200,539.9099731445312,540.8699951171875,511.6000061035156,511.6000061035156,21354100,2024-07-05
1720445400,529.3200073242188,542.8099975585938,526.6500244140625,542.3499755859375,14917500,2024-07-08
1720531800,530.0,537.47998046875,528.1900024414062,533.75,8753200,2024-07-09
1720618200,534.6900024414062,538.8800048828125,528.3599853515625,530.7899780273438,10983300,2024-07-10
1720704600,512.7000122070312,535.4600219726562,508.3699951171875,530.8900146484375,16458300,2024-07-11
1720791000,498.8699951171875,508.0899963378906,494.2300109863281,497.760009765625,19750500,2024-07-12
1721050200,496.1600036621094,506.67999267578125,493.3699951171875,498.6300048828125,12539200,2024-07-15
1721136600,489.7900085449219,503.95001220703125,485.7900085449219,501.5,14075800,2024-07-16
1721223000,461.989990234375,479.1700134277344,459.1199951171875,479.1700134277344,28076600,2024-07-17
1721309400,475.8500061035156,479.239990234375,464.5400085449219,475.0,19267200,2024-07-18
1721395800,476.7900085449219,486.7099914550781,475.7099914550781,476.05999755859375,15149400,2024-07-19
1721655000,487.3999938964844,492.05999755859375,483.8999938964844,486.5799865722656,12023100,2024-07-22
1721741400,488.69000244140625,495.2200012207031,487.7200012207031,489.8399963378906,9455500,2024-07-23
1721827800,461.2699890136719,476.29998779296875,460.5799865722656,472.30999755859375,17649700,2024-07-24
1721914200,453.4100036621094,463.54998779296875,442.6499938964844,463.260009765625,18240500,2024-07-25
1722000600,465.70001220703125,469.7699890136719,459.4200134277344,464.20001220703125,14222400,2024-07-26
1722259800,465.7099914550781,473.9599914550781,465.0199890136719,469.8800048828125,11339600,2024-07-29
1722346200,463.19000244140625,472.7300109863281,456.70001220703125,467.0,11390400,2024-07-30
1722432600,474.8299865722656,476.5,466.75,471.0199890136719,24285800,2024-07-31
1722519000,497.739990234375,527.1699829101562,492.1000061035156,521.0,43083100,2024-08-01
1722605400,488.1400146484375,501.1499938964844,476.1499938964844,489.0,24044700,2024-08-02
1722864600,475.7300109863281,483.4800109863281,450.79998779296875,451.3500061035156,21396200,2024-08-05
1722951000,494.0899963378906,502.55999755859375,478.6499938964844,479.0,20955000,2024-08-06
1723037400,488.9200134277344,510.1499938964844,486.8599853515625,503.1300048828125,20105300,2024-08-07
1723123800,509.6300048828125,509.9599914550781,494.7200012207031,497.5,16156800,2024-08-08
1723210200,517.77001953125,518.3400268554688,505.70001220703125,507.7099914550781,13696600,2024-08-09
1723469400,515.9500122070312,518.02001953125,509.1000061035156,516.8599853515625,9767400,2024-08-12
1723555800,528.5399780273438,531.5,518.1500244140625,520.010009765625,13743800,2024-08-13
1723642200,526.760009765625,534.0,523.1300048828125,528.0599975585938,11444200,2024-08-14
1723728600,537.3300170898438,539.77001953125,526.7000122070312,531.7899780273438,13482100,2024-08-15
1723815000,527.4199829101562,533.6599731445312,524.6599731445312,531.9000244140625,14776700,2024-08-16
1724074200,529.280029296875,531.6599731445312,522.760009765625,526.8699951171875,9879700,2024-08-19
1724160600,526.72998046875,531.0900268554688,525.8800048828125,528.3499755859375,7944400,2024-08-20
1724247000,535.1599731445312,539.4000244140625,526.9299926757812,527.1500244140625,13423300,2024-08-21
1724333400,531.9299926757812,544.22998046875,528.5900268554688,537.0,15708300,2024-08-22
1724419800,528.0,539.8699951171875,525.0599975585938,536.9199829101562,11323900,2024-08-23
1724679000,521.1199951171875,528.0,514.9500122070312,527.5999755859375,9584000,2024-08-26
1724765400,519.0999755859375,524.010009765625,515.3099975585938,518.97998046875,6282700,2024-08-27
1724851800,516.780029296875,521.0900268554688,512.4500122070312,517.6699829101562,9106100,2024-08-28
1724938200,518.219970703125,527.2000122070312,515.6799926757812,519.0499877929688,8317400,2024-08-29
1725024600,521.3099975585938,523.5399780273438,515.2000122070312,521.3499755859375,9157500,2024-08-30
1725370200,511.760009765625,525.489990234375,508.6199951171875,519.6400146484375,12459100,2024-09-03
1725456600,512.739990234375,516.5900268554688,504.07000732421875,506.07000732421875,8335200,2024-09-04
1725543000,516.8599853515625,521.6300048828125,511.1499938964844,511.7200012207031,8640900,2024-09-05
1725629400,500.2699890136719,524.5800170898438,498.25,521.8800048828125,14744500,2024-09-06
1725888600,504.7900085449219,511.3299865722656,502.0799865722656,506.1600036621094,11047800,2024-09-09
1725975000,504.7900085449219,514.1799926757812,500.0299987792969,508.1600036621094,9899000,2024-09-10
1726061400,511.8299865722656,513.1199951171875,495.6000061035156,507.010009765625,10782500,2024-09-11
1726147800,525.5999755859375,526.7100219726562,515.219970703125,517.0499877929688,11970500,2024-09-12
1726234200,524.6199951171875,527.5800170898438,517.1099853515625,520.3400268554688,10321400,2024-09-13
1726493400,533.280029296875,534.0999755859375,517.4000244140625,524.5399780273438,9527600,2024-09-16
1726579800,536.3200073242188,542.0999755859375,530.5700073242188,537.5999755859375,11690800,2024-09-17
1726666200,537.9500122070312,544.2000122070312,533.9000244140625,537.0700073242188,10323500,2024-09-18
1726752600,559.0999755859375,562.0700073242188,546.52001953125,550.0,15647000,2024-09-19
1726839000,561.3499755859375,564.5,556.2999877929688,560.0,22066800,2024-09-20
1727098200,564.4099731445312,573.97998046875,562.4099731445312,569.5,12830700,2024-09-23
1727184600,563.3300170898438,567.75,554.1900024414062,566.6799926757812,12993000,2024-09-24
1727271000,568.3099975585938,576.8800048828125,563.719970703125,564.0499877929688,16543400,2024-09-25
1727357400,567.8400268554688,577.4000244140625,562.3499755859375,575.72998046875,14400800,2024-09-26
1727443800,567.3599853515625,570.8400268554688,564.510009765625,570.0999755859375,9398400,2024-09-27
1727703000,572.4400024414062,574.6799926757812,564.7999877929688,567.7000122070312,12792300,2024-09-30
1727789400,576.469970703125,583.0399780273438,570.0999755859375,577.97998046875,15259300,2024-10-01
1727875800,572.8099975585938,576.0,569.3400268554688,574.8599853515625,6524700,2024-10-02
1727962200,582.77001953125,583.3599853515625,568.72998046875,570.1500244140625,11581000,2024-10-03
1728048600,595.9400024414062,596.8499755859375,581.4299926757812,583.72998046875,14169500,2024-10-04
1728307800,584.780029296875,602.9500122070312,584.0399780273438,598.219970703125,12014200,2024-10-07
1728394200,592.8900146484375,593.5599975585938,585.969970703125,589.6900024414062,7857400,2024-10-08
1728480600,590.510009765625,594.3900146484375,581.6099853515625,593.989990234375,9529700,2024-10-09
1728567000,583.8300170898438,590.22998046875,582.52001953125,587.5700073242188,7740400,2024-10-10
1728653400,589.9500122070312,591.2100219726562,582.7100219726562,584.8300170898438,8587100,2024-10-11
1728912600,590.4199829101562,600.0999755859375,589.9600219726562,594.219970703125,8252000,2024-10-14
1728999000,586.27001953125,590.6099853515625,580.1400146484375,590.1599731445312,9564200,2024-10-15
1729085400,576.7899780273438,582.0800170898438,574.030029296875,581.4000244140625,11268400,2024-10-16
1729171800,576.9299926757812,584.969970703125,575.2000122070312,583.3300170898438,8701200,2024-10-17
1729258200,576.469970703125,583.969970703125,575.25,581.0999755859375,7694300,2024-10-18
1729517400,575.1599731445312,577.239990234375,569.1099853515625,576.030029296875,8171900,2024-10-21
1729603800,582.010009765625,583.530029296875,572.1199951171875,574.2899780273438,8544500,2024-10-22
1729690200,563.6900024414062,585.0,562.5,579.969970703125,14248400,2024-10-23
1729776600,567.780029296875,568.8800048828125,561.52001953125,567.1300048828125,7184700,2024-10-24
1729863000,573.25,581.2899780273438,571.719970703125,573.9299926757812,11337900,2024-10-25
1730122200,578.1599731445312,583.75,574.1199951171875,582.0,10925100,2024-10-28
1730208600,593.280029296875,593.6699829101562,575.4000244140625,580.1500244140625,13019100,2024-10-29
1730295000,591.7999877929688,601.2000122070312,589.3800048828125,600.97998046875,26864900,2024-10-30
1730381400,567.5800170898438,589.9000244140625,563.010009765625,585.0,26838400,2024-10-31
1730467800,567.1599731445312,573.6699829101562,562.5599975585938,567.6099853515625,15303200,2024-11-01
1730730600,560.6799926757812,568.6900024414062,557.8900146484375,564.0999755859375,12064600,2024-11-04
1730817000,572.4299926757812,573.47998046875,566.6699829101562,567.2999877929688,9775400,2024-11-05
1730903400,572.0499877929688,573.0,555.1699829101562,562.75,18305400,2024-11-06
1730989800,591.7000122070312,594.7999877929688,575.2100219726562,576.8900146484375,14653700,2024-11-07
1731076200,589.3400268554688,593.0999755859375,584.52001953125,591.5399780273438,9415700,2024-11-08
1731335400,583.1699829101562,587.0,576.510009765625,586.3599853515625,10209100,2024-11-11
1731421800,584.8200073242188,599.6599731445312,580.3800048828125,588.5399780273438,16287700,2024-11-12
1731508200,580.0,585.6400146484375,575.1699829101562,582.6099853515625,10757600,2024-11-13
1731594600,577.1599731445312,580.760009765625,573.010009765625,577.0,11053700,2024-11-14
1731681000,554.0800170898438,572.5700073242188,551.5,571.219970703125,17712900,2024-11-15
1731940200,554.4000244140625,559.9000244140625,550.0900268554688,557.0399780273438,14327300,2024-11-18
1732026600,561.0900268554688,561.4299926757812,550.5999755859375,551.8599853515625,9522400,2024-11-19
1732113000,565.52001953125,566.3499755859375,554.2000122070312,562.9299926757812,9797300,2024-11-20
1732199400,563.0900268554688,570.0,549.0499877929688,569.52001953125,11154700,2024-11-21
1732285800,559.1400146484375,563.8300170898438,554.5900268554688,563.5499877929688,9164000,2024-11-22
1732545000,565.1099853515625,572.5900268554688,556.3900146484375,562.0999755859375,13599800,2024-11-25
1732631400,573.5399780273438,577.5,565.2000122070312,566.0,10356600,2024-11-26
1732717800,569.2000122070312,574.97998046875,564.0999755859375,574.8900146484375,7200200,2024-11-27
1732890600,574.3200073242188,578.4600219726562,566.9000244140625,569.0,7130500,2024-11-29
1733149800,592.8300170898438,594.5,575.5700073242188,577.5,12522400,2024-12-02
1733236200,613.6500244140625,614.2000122070312,591.25,595.0,14907200,2024-12-03
1733322600,613.780029296875,617.780029296875,605.0999755859375,612.9600219726562,14697000,2024-12-04
1733409000,608.9299926757812,619.9000244140625,607.0499877929688,617.0800170898438,8081200,2024-12-05
1733495400,623.77001953125,629.7899780273438,608.530029296875,610.0999755859375,16935500,2024-12-06
1733754600,613.5700073242188,626.4000244140625,606.1699829101562,623.9199829101562,11426000,2024-12-09
1733841000,619.3200073242188,625.5900268554688,612.739990234375,617.5599975585938,10938900,2024-12-10
1733927400,632.6799926757812,638.4000244140625,621.530029296875,623.3699951171875,10837200,2024-12-11
1734013800,630.7899780273438,636.6599731445312,627.2100219726562,631.5,7474700,2024-12-12
1734100200,620.3499755859375,631.0800170898438,616.8900146484375,627.219970703125,8453300,2024-12-13
1734359400,624.239990234375,631.1500244140625,618.5800170898438,629.97998046875,10885600,2024-12-16
1734445800,619.4400024414062,632.3699951171875,616.5399780273438,626.1699829101562,12897800,2024-12-17
1734532200,597.1900024414062,627.3599853515625,596.3200073242188,621.0,17075500,2024-12-18
1734618600,595.5700073242188,611.52001953125,595.0,610.3900146484375,14958100,2024-12-19
1734705000,585.25,603.1099853515625,580.0,590.5800170898438,48989400,2024-12-20
1734964200,599.8499755859375,601.0900268554688,586.25,589.5999755859375,10205800,2024-12-23
1735050600,607.75,607.989990234375,599.280029296875,602.719970703125,4726100,2024-12-24
1735223400,603.3499755859375,606.2999877929688,598.9400024414062,605.47998046875,6081400,2024-12-26
1735309800,599.8099975585938,601.8499755859375,589.7999877929688,599.4099731445312,8084200,2024-12-27
1735569000,591.239990234375,596.9400024414062,585.5800170898438,588.75,7025900,2024-12-30
1735655400,585.510009765625,593.969970703125,583.8499755859375,592.27001953125,6019500,2024-12-31
1735828200,599.239990234375,604.9099731445312,587.8200073242188,589.719970703125,12682300,2025-01-02
1735914600,604.6300048828125,609.5,596.4099731445312,604.760009765625,11436800,2025-01-03
1736173800,630.2000122070312,630.989990234375,605.6199951171875,611.8300170898438,14560800,2025-01-06
1736260200,617.8900146484375,632.0999755859375,608.22998046875,631.7000122070312,12071500,2025-01-07
1736346600,610.719970703125,616.4400024414062,602.7899780273438,613.4000244140625,10085800,2025-01-08
1736519400,615.8599853515625,629.9099731445312,597.3400268554688,610.030029296875,19256600,2025-01-10
1736778600,608.3300170898438,608.969970703125,598.4500122070312,607.0999755859375,10785000,2025-01-13
1736865000,594.25,605.489990234375,588.5499877929688,605.0700073242188,13598000,2025-01-14
1736951400,617.1199951171875,622.4600219726562,606.5,610.2100219726562,15524300,2025-01-15
1737037800,611.2999877929688,616.25,609.7100219726562,611.5,8355300,2025-01-16
1737124200,612.77001953125,624.969970703125,603.6699829101562,624.0499877929688,17280600,2025-01-17
1737469800,616.4600219726562,621.5,609.010009765625,617.8300170898438,11674000,2025-01-21
1737556200,623.5,633.7000122070312,619.4299926757812,623.2999877929688,12274000,2025-01-22
1737642600,636.4500122070312,636.5999755859375,621.1500244140625,627.3599853515625,9910200,2025-01-23
1737729000,647.489990234375,652.0,634.2000122070312,636.4000244140625,19065300,2025-01-24
1737988200,659.8800048828125,663.8699951171875,625.0999755859375,626.6099853515625,28399200,2025-01-27
1738074600,674.3300170898438,682.5800170898438,659.469970703125,666.0,20950100,2025-01-28
1738161000,676.489990234375,681.0499877929688,665.6699829101562,675.0,21377800,2025-01-29
1738247400,687.0,710.7899780273438,676.0999755859375,696.8200073242188,29322900,2025-01-30
1738333800,689.1799926757812,705.2999877929688,685.5800170898438,691.0,19303900,2025-01-31
1738593000,697.4600219726562,704.0,675.25,675.9099731445312,21415700,2025-02-03
1738679400,704.1900024414062,707.7100219726562,691.6099853515625,702.5,13826300,2025-02-04
1738765800,704.8699951171875,718.1400146484375,699.010009765625,703.5499877929688,17778200,2025-02-05
1738852200,711.989990234375,718.9000244140625,703.5,705.8800048828125,13080700,2025-02-06
1738938600,714.52001953125,725.010009765625,711.75,716.7999877929688,16427100,2025-02-07
1739197800,717.4000244140625,721.2000122070312,711.3300170898438,718.5599975585938,12904300,2025-02-10
1739284200,719.7999877929688,723.6599731445312,710.0399780273438,713.3200073242188,12998000,2025-02-11
1739370600,725.3800048828125,727.0999755859375,712.5999755859375,715.2999877929688,12016500,2025-02-12
1739457000,728.5599975585938,729.0,718.0399780273438,721.52001953125,12569100,2025-02-13
1739543400,736.6699829101562,740.9099731445312,725.6199951171875,726.1400146484375,16901200,2025-02-14
1739889000,716.3699951171875,737.0,706.4400024414062,736.0,21938700,2025-02-18
1739975400,703.77001953125,707.0,695.3900146484375,704.0999755859375,17535500,2025-02-19
1740061800,694.8400268554688,705.6300048828125,693.6400146484375,697.280029296875,12587400,2025-02-20
1740148200,683.5499877929688,703.8699951171875,682.3599853515625,696.5800170898438,15660400,2025-02-21
1740407400,668.1300048828125,687.27001953125,662.4500122070312,686.280029296875,15677000,2025-02-24
1740493800,657.5,668.0,641.8599853515625,665.969970703125,20579700,2025-02-25
1740580200,673.7000122070312,683.010009765625,658.0,659.6500244140625,14488700,2025-02-26
1740666600,658.239990234375,688.6500244140625,657.5700073242188,682.4500122070312,12500000,2025-02-27
1740753000,668.2000122070312,669.6300048828125,642.5999755859375,658.0399780273438,17534200,2025-02-28
1741012200,655.0499877929688,681.25,650.8400268554688,673.6799926757812,10843800,2025-03-03
1741098600,640.0,649.75,623.6500244140625,645.510009765625,21495200,2025-03-04
1741185000,656.469970703125,659.5,637.6599731445312,641.0,13770000,2025-03-05
1741271400,627.9299926757812,650.5599975585938,624.1099853515625,648.0,13446500,2025-03-06
1741357800,625.6599731445312,634.7899780273438,600.6099853515625,625.3699951171875,21375700,2025-03-07
1741613400,597.989990234375,610.1099853515625,586.8699951171875,608.0700073242188,21999900,2025-03-10
1741699800,605.7100219726562,614.9299926757812,593.3300170898438,595.0499877929688,17401500,2025-03-11
1741786200,619.5599975585938,633.3300170898438,609.3499755859375,629.9000244140625,15747000,2025-03-12
1741872600,590.6400146484375,620.5,586.510009765625,620.25,16480300,2025-03-13
1741959000,607.5999755859375,608.8599853515625,594.780029296875,602.7999877929688,12364500,2025-03-14
1742218200,604.9000244140625,613.0999755859375,598.0,607.4600219726562,15473900,2025-03-17
1742304600,582.3599853515625,600.25,574.6599731445312,600.0499877929688,20297700,2025-03-18
1742391000,584.0599975585938,592.3200073242188,574.77001953125,584.280029296875,20537500,2025-03-19
1742477400,586.0,610.2000122070312,579.510009765625,582.760009765625,24336500,2025-03-20
1742563800,596.25,597.5399780273438,580.9500122070312,583.4199829101562,25015900,2025-03-21
1742823000,618.8499755859375,622.5399780273438,612.2000122070312,614.969970703125,15741300,2025-03-24
1742909400,626.3099975585938,633.8800048828125,621.1799926757812,626.760009765625,15312500,2025-03-25
1742995800,610.97998046875,626.75,606.6099853515625,624.8900146484375,12609800,2025-03-26
1743082200,602.5800170898438,614.25,600.0999755859375,602.0,10436500,2025-03-27
1743168600,576.739990234375,601.75,573.9199829101562,600.3099975585938,17602800,2025-03-28
1743427800,576.3599853515625,578.7000122070312,553.2999877929688,563.5,21124700,2025-03-31
1743514200,586.0,589.9099731445312,570.0,570.8400268554688,12836600,2025-04-01
1743600600,583.9299926757812,592.6599731445312,573.3599853515625,574.9099731445312,13470800,2025-04-02
1743687000,531.6199951171875,552.5599975585938,530.2999877929688,546.219970703125,34777500,2025-04-03
1743773400,504.7300109863281,518.0,494.20001220703125,506.6199951171875,38589800,2025-04-04
1744032600,516.25,539.3699951171875,481.8999938964844,485.1000061035156,36606100,2025-04-07
1744119000,510.45001220703125,547.4299926757812,502.8599853515625,543.25,28034200,2025-04-08
1744205400,585.77001953125,587.8900146484375,502.1099853515625,509.2699890136719,39216600,2025-04-09
1744291800,546.2899780273438,581.2999877929688,535.2999877929688,575.489990234375,28173500,2025-04-10
1744378200,543.5700073242188,547.4000244140625,528.5900268554688,535.510009765625,17642300,2025-04-11
1744637400,531.47998046875,557.77001953125,528.280029296875,556.1699829101562,14130900,2025-04-14
1744723800,521.52001953125,537.9400024414062,517.5,532.1099853515625,15558700,2025-04-15
1744810200,502.30999755859375,513.3699951171875,495.6300048828125,508.510009765625,18735100,2025-04-16
1744896600,501.4800109863281,507.29998779296875,498.010009765625,505.25,14593500,2025-04-17
1745242200,484.6600036621094,493.5,479.79998779296875,491.3299865722656,16166000,2025-04-21
1745328600,500.2799987792969,506.8800048828125,486.3599853515625,491.8699951171875,17399400,2025-04-22
1745415000,520.27001953125,535.3400268554688,516.52001953125,528.530029296875,18173900,2025-04-23
1745501400,533.1500244140625,533.9000244140625,517.5,518.72998046875,13910000,2025-04-24
1745587800,547.27001953125,549.8599853515625,536.25,546.7999877929688,17098900,2025-04-25
1745847000,549.739990234375,558.489990234375,540.5900268554688,555.6400146484375,15179000,2025-04-28
1745933400,554.4400024414062,556.5700073242188,544.1199951171875,546.0,11835000,2025-04-29
1746019800,549.0,549.0999755859375,529.5,538.4000244140625,29244000,2025-04-30
1746106200,572.2100219726562,592.9500122070312,570.5,592.0800170898438,31159000,2025-05-01
1746192600,597.02001953125,604.3400268554688,578.3300170898438,583.4600219726562,24739300,2025-05-02
1746451800,599.27001953125,603.2100219726562,588.0499877929688,591.219970703125,13887700,2025-05-05
1746538200,587.3099975585938,596.030029296875,586.5800170898438,592.530029296875,10600700,2025-05-06
1746624600,596.8099975585938,603.0800170898438,586.6699829101562,590.3599853515625,13139100,2025-05-07
1746711000,598.010009765625,611.2999877929688,596.6199951171875,606.2899780273438,14622800,2025-05-08
1746797400,592.489990234375,606.969970703125,591.7100219726562,603.719970703125,10427300,2025-05-09
1747056600,639.4299926757812,640.3900146484375,621.030029296875,630.9199829101562,21965100,2025-05-12
1747143000,656.030029296875,660.9199829101562,642.8300170898438,645.5399780273438,18570800,2025-05-13
1747229400,659.3599853515625,662.6699829101562,654.3099975585938,661.2100219726562,12348200,2025-05-14
1747315800,643.8800048828125,657.3099975585938,638.5800170898438,654.280029296875,14341800,2025-05-15
1747402200,640.3400268554688,640.4400024414062,626.1500244140625,637.9600219726562,18519000,2025-05-16
1747661400,640.4299926757812,643.0,627.7999877929688,628.25,9592400,2025-05-19
1747747800,637.0999755859375,639.3499755859375,632.260009765625,636.010009765625,6743500,2025-05-20
1747834200,635.5,646.6099853515625,630.1699829101562,631.7899780273438,11464600,2025-05-21
1747920600,636.5700073242188,643.25,630.7100219726562,634.0499877929688,8228400,2025-05-22
1748007000,627.0599975585938,632.4500122070312,622.6500244140625,624.0,8454100,2025-05-23
1748352600,642.3200073242188,643.0800170898438,632.75,635.4099731445312,9508400,2025-05-27
1748439000,643.5800170898438,650.8800048828125,642.5499877929688,642.5999755859375,9042900,2025-05-28
1748525400,645.0499877929688,653.3200073242188,639.5,651.6500244140625,8858800,2025-05-29
1748611800,647.489990234375,649.4099731445312,632.780029296875,642.5,16241000,2025-05-30
1748871000,670.9000244140625,673.260009765625,644.260009765625,644.3900146484375,15766300,2025-06-02
1748957400,666.8499755859375,675.5800170898438,665.030029296875,671.4500122070312,11585000,2025-06-03
1749043800,687.9500122070312,689.0,668.5700073242188,669.3200073242188,14031900,2025-06-04
1749130200,684.6199951171875,694.3800048828125,682.25,691.6599731445312,13083100,2025-06-05
1749216600,697.7100219726562,702.8099975585938,691.8699951171875,696.1699829101562,11728000,2025-06-06
1749475800,694.0599975585938,705.1900024414062,693.9400024414062,698.4600219726562,12773200,2025-06-09
1749562200,702.4000244140625,703.22998046875,691.5599975585938,701.3499755859375,10850100,2025-06-10
1749648600,694.1400146484375,708.8699951171875,691.989990234375,703.7100219726562,9582500,2025-06-11
1749735000,693.3599853515625,695.3800048828125,687.0,693.2999877929688,7322700,2025-06-12
1749821400,682.8699951171875,694.5700073242188,681.010009765625,687.9500122070312,9274400,2025-06-13
1750080600,702.1199951171875,707.1500244140625,693.510009765625,699.3300170898438,13720300,2025-06-16
1750167000,697.22998046875,705.969970703125,696.0599975585938,702.0,10066100,2025-06-17
1750253400,695.77001953125,701.5900268554688,694.9000244140625,698.1799926757812,10068300,2025-06-18
1750426200,682.3499755859375,701.8200073242188,678.6699829101562,700.75,22538600,2025-06-20
1750685400,698.530029296875,699.0499877929688,678.75,683.6900024414062,11080100,2025-06-23
1750771800,712.2000122070312,713.1900024414062,702.1099853515625,704.8900146484375,13823200,2025-06-24
1750858200,708.6799926757812,716.5800170898438,705.3800048828125,713.3200073242188,9320400,2025-06-25
1750944600,726.0900268554688,728.219970703125,711.0499877929688,714.3599853515625,13964800,2025-06-26
1751031000,733.6300048828125,735.4299926757812,725.8599853515625,726.52001953125,18775700,2025-06-27
1751290200,738.0900268554688,747.9000244140625,734.25,744.5499877929688,15402100,2025-06-30
1751376600,719.219970703125,737.75,715.3699951171875,736.8800048828125,13431200,2025-07-01
1751463000,713.5700073242188,720.2999877929688,712.7999877929688,715.3300170898438,9336700,2025-07-02
1751549400,719.010009765625,729.030029296875,714.4199829101562,726.6099853515625,8601700,2025-07-03
1751895000,718.3499755859375,727.0,713.510009765625,717.5999755859375,9457100,2025-07-07
1751981400,720.6699829101562,722.9099731445312,714.8099975585938,721.5700073242188,7770700,2025-07-08
1752067800,732.780029296875,737.530029296875,722.719970703125,722.719970703125,11418000,2025-07-09
1752154200,727.239990234375,735.7999877929688,719.5999755859375,731.5499877929688,9913600,2025-07-10
1752240600,717.510009765625,725.1599731445312,709.7000122070312,722.5,10873900,2025-07-11
1752499800,720.9199829101562,728.0,716.5499877929688,717.5999755859375,8939400,2025-07-14
1752586200,710.3900146484375,724.469970703125,709.8200073242188,723.9000244140625,11529500,2025-07-15
1752672600,702.9099731445312,713.969970703125,699.27001953125,713.3699951171875,13067600,2025-07-16
1752759000,701.4099731445312,705.9000244140625,697.1099853515625,704.3900146484375,11803300,2025-07-17
1752845400,704.280029296875,704.7100219726562,691.6500244140625,702.1900024414062,12779800,2025-07-18
1753104600,712.969970703125,717.0,705.760009765625,706.7999877929688,9404400,2025-07-21
1753191000,704.8099975585938,716.5999755859375,701.4099731445312,716.1900024414062,8921100,2025-07-22
1753277400,713.5800170898438,714.6300048828125,704.9299926757812,706.3699951171875,8771600,2025-07-23
1753363800,714.7999877929688,723.6199951171875,714.0,717.0499877929688,10920800,2025-07-24
1753450200,712.6799926757812,720.6500244140625,711.9000244140625,716.9199829101562,8271700,2025-07-25
1753709400,717.6300048828125,724.739990234375,712.6799926757812,715.2000122070312,8715700,2025-07-28
1753795800,700.0,724.469970703125,699.9099731445312,720.0,13267000,2025-07-29
1753882200,695.2100219726562,708.5,691.2000122070312,708.0900268554688,27077300,2025-07-30
1753968600,773.4400024414062,784.75,765.510009765625,775.2000122070312,38831100,2025-07-31
1754055000,750.010009765625,766.0,745.3099975585938,760.72998046875,19028700,2025-08-01
1754314200,776.3699951171875,776.8499755859375,758.4099731445312,760.0,15801700,2025-08-04
1754400600,763.4600219726562,783.1300048828125,763.0,776.4500122070312,11640300,2025-08-05
1754487000,771.989990234375,773.6400146484375,760.4600219726562,770.0,9733900,2025-08-06
1754573400,761.8300170898438,775.0,759.5499877929688,773.489990234375,9019700,2025-08-07
1754659800,769.2999877929688,769.9000244140625,758.5800170898438,762.75,7320800,2025-08-08
1754919000,765.8699951171875,773.4600219726562,764.6699829101562,770.0800170898438,7612000,2025-08-11
1755005400,790.0,793.6699829101562,772.4299926757812,773.0,14563100,2025-08-12
1755091800,780.0800170898438,795.4600219726562,778.22998046875,791.1500244140625,8811800,2025-08-13
1755178200,782.1300048828125,787.8099975585938,772.510009765625,777.8800048828125,8116200,2025-08-14
1755264600,785.22998046875,796.25,780.8200073242188,784.1500244140625,13375400,2025-08-15
1755523800,767.3699951171875,775.8099975585938,756.5599975585938,775.0900268554688,16513700,2025-08-18
1755610200,751.47998046875,767.1699829101562,749.3599853515625,767.1199951171875,12286700,2025-08-19
1755696600,747.719970703125,750.2000122070312,731.0,747.5700073242188,11898200,2025-08-20
1755783000,739.0999755859375,745.5,733.1099853515625,744.7100219726562,8876300,2025-08-21
1755869400,754.7899780273438,756.9000244140625,734.3900146484375,739.22998046875,10612700,2025-08-22
1756128600,753.2999877929688,758.8800048828125,750.1300048828125,754.8200073242188,6861200,2025-08-25
1756215000,754.0999755859375,754.8699951171875,747.9400024414062,750.7999877929688,7601800,2025-08-26
1756301400,747.3800048828125,754.1500244140625,742.8400268554688,752.2999877929688,8315400,2025-08-27
1756387800,751.1099853515625,753.0499877929688,740.7999877929688,744.0,7468000,2025-08-28
1756474200,738.7000122070312,747.1400146484375,735.3499755859375,745.280029296875,9070500,2025-08-29
1756819800,735.1099853515625,736.0,721.72998046875,726.0399780273438,9350900,2025-09-02
1756906200,737.0499877929688,740.25,733.989990234375,736.0,7699300,2025-09-03
1756992600,748.6500244140625,761.1599731445312,745.8200073242188,748.5700073242188,11439100,2025-09-04
1757079000,752.4500122070312,757.9500122070312,745.030029296875,752.6199951171875,9663400,2025-09-05
1757338200,752.2999877929688,766.510009765625,752.02001953125,756.0,13087800,2025-09-08
1757424600,765.7000122070312,766.2999877929688,753.4299926757812,757.489990234375,10999000,2025-09-09
1757511000,751.97998046875,765.7000122070312,751.0,765.1300048828125,12478300,2025-09-10
1757597400,750.9000244140625,757.0999755859375,748.3699951171875,754.6500244140625,7923300,2025-09-11
1757683800,755.5900268554688,757.5700073242188,743.760009765625,748.72998046875,8248600,2025-09-12
1757943000,764.7000122070312,774.0700073242188,751.989990234375,757.469970703125,10533800,2025-09-15
1758029400,779.0,781.3599853515625,765.0999755859375,767.0,11782500,2025-09-16
1758115800,775.719970703125,783.2899780273438,766.3099975585938,779.989990234375,9400900,2025-09-17
1758202200,780.25,788.780029296875,773.3599853515625,780.75,10955000,2025-09-18
1758288600,778.3800048828125,790.7999877929688,769.1900024414062,786.4199829101562,23696800,2025-09-19
1758547800,765.1599731445312,785.72998046875,764.469970703125,781.8499755859375,11706900,2025-09-22
1758634200,755.4000244140625,770.5999755859375,751.0700073242188,769.25,10872600,2025-09-23
1758720600,760.6599731445312,761.1099853515625,752.530029296875,757.5,8828200,2025-09-24
1758807000,748.9099731445312,756.77001953125,744.5499877929688,753.4500122070312,10591100,2025-09-25
1758893400,743.75,751.9299926757812,737.3499755859375,750.0,9696300,2025-09-26
1759152600,743.4000244140625,750.780029296875,739.1500244140625,748.719970703125,9246800,2025-09-29
1759239000,734.3800048828125,742.969970703125,726.2999877929688,742.25,16226800,2025-09-30
1759325400,717.3400268554688,721.8499755859375,710.2000122070312,721.489990234375,20419600,2025-10-01
1759411800,727.0499877929688,727.77001953125,718.1400146484375,722.5800170898438,11415300,2025-10-02
1759498200,710.5599975585938,731.0,710.1799926757812,729.6300048828125,16154300,2025-10-03
1759757400,715.6599731445312,716.8800048828125,690.510009765625,705.1900024414062,21654700,2025-10-06
1759843800,713.0800170898438,718.5,705.75,717.719970703125,12062900,2025-10-07
1759930200,717.8400268554688,719.6500244140625,707.8099975585938,713.4500122070312,10790600,2025-10-08
1760016600,733.510009765625,733.510009765625,712.4400024414062,718.280029296875,12717200,2025-10-09
1760103000,705.2999877929688,735.27001953125,704.510009765625,730.9199829101562,16980100,2025-10-10
1760362200,715.7000122070312,719.9400024414062,707.6400146484375,713.010009765625,9251800,2025-10-13
1760448600,708.6500244140625,715.5499877929688,699.3300170898438,707.780029296875,8829800,2025-10-14
1760535000,717.5499877929688,723.9000244140625,709.510009765625,717.0599975585938,10246800,2025-10-15
1760621400,712.0700073242188,725.489990234375,703.8800048828125,717.5499877929688,9017000,2025-10-16
1760707800,716.9199829101562,718.5399780273438,706.1199951171875,707.0800170898438,12232400,2025-10-17
1760967000,732.1699829101562,733.77001953125,720.1799926757812,721.1900024414062,8900200,2025-10-20
1761053400,733.27001953125,738.5,728.75,736.02001953125,7647300,2025-10-21
1761139800,733.4099731445312,740.5999755859375,724.030029296875,733.8300170898438,8734500,2025-10-22
1761226200,734.0,742.4099731445312,733.0999755859375,734.7000122070312,9856000,2025-10-23
1761312600,738.3599853515625,741.2100219726562,731.1500244140625,736.7899780273438,9151300,2025-10-24
1761571800,750.8200073242188,755.75,748.010009765625,749.72998046875,11321100,2025-10-27
1761658200,751.4400024414062,758.4000244140625,745.52001953125,752.6300048828125,12193800,2025-10-28
1761744600,751.6699829101562,759.1599731445312,742.510009765625,754.75,26818600,2025-10-29
1761831000,666.469970703125,680.9600219726562,650.1699829101562,669.1500244140625,88440100,2025-10-30
1761917400,648.3499755859375,674.8900146484375,645.5700073242188,674.510009765625,56953200,2025-10-31
1762180200,637.7100219726562,659.3300170898438,636.1799926757812,656.0,33003600,2025-11-03
1762266600,627.3200073242188,641.739990234375,626.010009765625,628.0399780273438,27356600,2025-11-04
1762353000,635.9500122070312,642.22998046875,626.5399780273438,632.3099975585938,20219900,2025-11-05
1762439400,618.9400024414062,636.0,618.0,635.8499755859375,23628800,2025-11-06
1762525800,621.7100219726562,622.1300048828125,601.2000122070312,616.489990234375,29946800,2025-11-07
1762785000,631.760009765625,635.0,618.1099853515625,631.0900268554688,19245000,2025-11-10
1762871400,627.0800170898438,629.5599975585938,619.3900146484375,628.0,13302200,2025-11-11
1762957800,609.010009765625,628.989990234375,607.77001953125,628.1300048828125,24493300,2025-11-12
1763044200,609.8900146484375,617.6500244140625,603.0,613.0700073242188,20973800,2025-11-13
1763130600,609.4600219726562,613.6799926757812,595.2000122070312,601.7899780273438,20724100,2025-11-14
1763389800,602.010009765625,611.6900024414062,595.4000244140625,609.0399780273438,16501300,2025-11-17
1763476200,597.6900024414062,603.6599731445312,583.780029296875,591.5999755859375,25500600,2025-11-18
1763562600,590.3200073242188,595.3300170898438,581.25,593.719970703125,24744700,2025-11-19
1763649000,589.1500244140625,606.719970703125,583.3499755859375,603.5,20603000,2025-11-20
1763735400,594.25,598.1199951171875,581.8599853515625,588.5,21052600,2025-11-21
1763994600,613.0499877929688,616.7000122070312,597.6300048828125,598.719970703125,23554900,2025-11-24
1764081000,636.219970703125,637.0499877929688,618.2999877929688,624.0,25213000,2025-11-25
1764167400,633.6099853515625,638.3599853515625,631.6300048828125,637.6900024414062,15209500,2025-11-26
1764340200,647.9500122070312,648.0499877929688,635.5,636.0800170898438,11033200,2025-11-28
1764599400,640.8699951171875,645.3200073242188,637.760009765625,639.5499877929688,13029900,2025-12-01
1764685800,647.0999755859375,647.8699951171875,638.0700073242188,642.3400268554688,11640900,2025-12-02
1764772200,639.5999755859375,648.8499755859375,637.5499877929688,644.4099731445312,11134300,2025-12-03
1764858600,661.530029296875,676.0999755859375,660.0499877929688,676.0,29874600,2025-12-04
1764945000,673.4199829101562,674.6900024414062,662.3900146484375,664.0,21207900,2025-12-05
1765204200,666.7999877929688,676.7100219726562,665.0700073242188,669.3400268554688,13161000,2025-12-08
1765290600,656.9600219726562,664.47998046875,653.3400268554688,663.77001953125,12997100,2025-12-09
1765377000,650.1300048828125,654.510009765625,643.4000244140625,649.9500122070312,16910900,2025-12-10
1765463400,652.7100219726562,655.280029296875,640.7999877929688,643.2899780273438,13056700,2025-12-11
1765549800,644.22998046875,711.0,638.6099853515625,649.7999877929688,14016900,2025-12-12
1765809000,647.510009765625,653.0,638.7000122070312,645.7000122070312,15549100,2025-12-15
1765895400,657.1500244140625,662.5399780273438,643.2000122070312,643.5,14309100,2025-12-16
1765981800,649.5,661.22998046875,649.2000122070312,655.6099853515625,15598500,2025-12-17
1766068200,664.4500122070312,670.5599975585938,656.4600219726562,657.030029296875,20260300,2025-12-18
1766154600,658.77001953125,671.0,658.1799926757812,666.4199829101562,49977100,2025-12-19
1766413800,661.5,673.5800170898438,656.6500244140625,661.6500244140625,15659400,2025-12-22
1766500200,664.9400024414062,666.0,658.25,660.0499877929688,8486800,2025-12-23
1766586600,667.5499877929688,668.1799926757812,662.2000122070312,662.530029296875,5627500,2025-12-24
1766759400,663.2899780273438,668.9500122070312,661.3200073242188,668.0599975585938,7133800,2025-12-26
1767018600,658.6900024414062,660.25,654.3900146484375,658.010009765625,8506500,2025-12-29
1767105000,665.9500122070312,672.219970703125,657.8400268554688,658.6900024414062,9187500,2025-12-30
1767191400,660.0900268554688,665.0,659.4400024414062,664.75,7940400,2025-12-31
1767364200,650.4099731445312,664.3900146484375,643.5,662.72998046875,13726500,2026-01-02
1767623400,658.7899780273438,664.5399780273438,647.75,651.010009765625,12213700,2026-01-05
1767709800,660.6199951171875,665.52001953125,651.9000244140625,659.5700073242188,11074400,2026-01-06
1767796200,648.6900024414062,659.1500244140625,644.8099975585938,655.6400146484375,12846300,2026-01-07
1767882600,646.0599975585938,647.0999755859375,635.719970703125,645.8800048828125,11921700,2026-01-08
1767969000,653.0599975585938,654.9500122070312,642.8499755859375,645.4400024414062,11634900,2026-01-09
1768228200,641.969970703125,653.969970703125,641.22998046875,652.530029296875,14797200,2026-01-12
1768314600,631.0900268554688,642.27001953125,624.0999755859375,642.27001953125,18030400,2026-01-13
1768401000,615.52001953125,628.4500122070312,614.8200073242188,626.5,15527900,2026-01-14
1768487400,620.7999877929688,624.1699829101562,614.22998046875,618.47998046875,13076100,2026-01-15
1768573800,620.25,629.0800170898438,620.0800170898438,624.1799926757812,17012500,2026-01-16
1768919400,604.1199951171875,611.4000244140625,600.0,607.8800048828125,15169600,2026-01-20
1769005800,612.9600219726562,618.27001953125,600.0800170898438,606.739990234375,14494700,2026-01-21
1769092200,647.6300048828125,660.5700073242188,626.5499877929688,629.3499755859375,21394700,2026-01-22
1769178600,658.760009765625,666.489990234375,644.4500122070312,644.77001953125,22797700,2026-01-23
1769437800,672.3599853515625,675.280029296875,661.2899780273438,665.1300048828125,16327400,2026-01-26
1769524200,672.969970703125,676.8200073242188,664.6599731445312,674.5900268554688,13297400,2026-01-27
1769610600,668.72998046875,677.6799926757812,666.0999755859375,674.5,25709600,2026-01-28
1769697000,738.3099975585938,744.0,712.5499877929688,737.4299926757812,59852900,2026-01-29
1769783400,716.5,732.1699829101562,713.5900268554688,727.5,23744600,2026-01-30
1770042600,706.4099731445312,721.2999877929688,703.52001953125,714.5999755859375,14365200,2026-02-02
1770129000,691.7000122070312,717.0,686.4099731445312,707.3699951171875,13760700,2026-02-03
1770215400,668.989990234375,688.8300170898438,667.4600219726562,687.72998046875,16882800,2026-02-04
1770301800,670.2100219726562,681.5,653.5,663.5800170898438,17131800,2026-02-05
1770388200,661.4600219726562,671.989990234375,646.5,665.489990234375,18159300,2026-02-06
1770647400,677.219970703125,683.3099975585938,658.780029296875,663.1799926757812,14837500,2026-02-09
1770733800,670.719970703125,680.6500244140625,669.7899780273438,677.5999755859375,10455800,2026-02-10
1770820200,668.6900024414062,679.27001953125,657.0999755859375,674.0,14323800,2026-02-11
1770906600,649.8099975585938,676.0,645.280029296875,669.969970703125,14960100,2026-02-12
1770993000,639.77001953125,651.4299926757812,634.5700073242188,645.0999755859375,12336400,2026-02-13
1771338600,639.2899780273438,642.5999755859375,628.7999877929688,639.5,12674700,2026-02-17
1771425000,643.219970703125,645.0,628.1500244140625,633.7999877929688,14649200,2026-02-18
1771511400,644.780029296875,647.1900024414062,636.719970703125,638.5700073242188,10035700,2026-02-19
1771597800,655.6599731445312,663.3499755859375,638.780029296875,639.6900024414062,14183500,2026-02-20
1771857000,637.25,657.7000122070312,636.0,652.5399780273438,8605900,2026-02-23
1771943400,639.2999877929688,641.1099853515625,628.97998046875,633.0800170898438,10135600,2026-02-24
1772029800,653.6900024414062,653.8800048828125,642.1400146484375,642.530029296875,11330700,2026-02-25
1772116200,657.010009765625,661.0,647.5,650.5499877929688,10637700,2026-02-26
1772202600,648.1799926757812,649.4400024414062,638.1199951171875,643.4500122070312,15703000,2026-02-27
1772461800,653.5599975585938,659.9400024414062,634.5,637.1599731445312,9816100,2026-03-02
1772548200,655.0800170898438,659.0399780273438,638.8400268554688,648.2899780273438,12263800,2026-03-03
1772634600,667.72998046875,672.77001953125,657.6699829101562,657.9600219726562,10810100,2026-03-04
1772721000,660.5700073242188,670.7000122070312,650.3099975585938,661.9299926757812,13341400,2026-03-05
1772807400,644.8599853515625,649.469970703125,636.1099853515625,647.9000244140625,13159400,2026-03-06
1773063000,647.3900146484375,647.75,626.780029296875,634.780029296875,13489700,2026-03-09
1773149400,654.0700073242188,660.2999877929688,649.0,653.5599975585938,9859300,2026-03-10
1773235800,654.8599853515625,659.1199951171875,648.3599853515625,654.760009765625,8977200,2026-03-11
1773322200,638.1799926757812,653.5,636.9000244140625,648.75,11617500,2026-03-12
1773408600,613.7100219726562,629.1699829101562,609.5499877929688,623.8900146484375,18957600,2026-03-13
1773667800,627.4500122070312,634.75,623.0999755859375,632.0,15134900,2026-03-16
1773754200,622.6599731445312,636.5499877929688,621.7000122070312,627.989990234375,10348800,2026-03-17
1773840600,615.6799926757812,622.6500244140625,614.6099853515625,616.3400268554688,11726300,2026-03-18
1773927000,606.7000122070312,613.0,602.260009765625,612.1500244140625,13247700,2026-03-19
1774013400,593.6599731445312,603.9600219726562,587.25,603.530029296875,21214900,2026-03-20
1774272600,604.0599975585938,608.6400146484375,599.010009765625,605.7899780273438,13638000,2026-03-23
1774359000,592.9199829101562,601.0,591.0,599.0999755859375,10739700,2026-03-24
1774445400,594.8900146484375,603.6699829101562,593.4000244140625,598.739990234375,12585000,2026-03-25
1774531800,547.5399780273438,583.0,543.3499755859375,582.489990234375,35780100,2026-03-26
1774618200,525.719970703125,543.5999755859375,520.260009765625,540.0999755859375,30133000,2026-03-27
1774877400,536.3800048828125,539.5499877929688,528.5399780273438,536.3800048828125,22795200,2026-03-30
1774963800,572.1300048828125,573.6900024414062,546.77001953125,549.97998046875,32898300,2026-03-31
1775050200,579.22998046875,592.5499877929688,573.8200073242188,580.1300048828125,23608100,2026-04-01
1775136600,574.4600219726562,578.5,559.7000122070312,566.0399780273438,13518500,2026-04-02
1775482200,573.02001953125,582.7899780273438,572.0,577.6900024414062,9515700,2026-04-06
1775568600,575.0499877929688,575.22998046875,564.760009765625,572.47998046875,9580800,2026-04-07
1775655000,612.4199829101562,629.9500122070312,591.8300170898438,606.0,32036600,2026-04-08
1775741400,628.3900146484375,637.5,623.0,626.969970703125,19012900,2026-04-09
1775827800,629.8599853515625,638.5800170898438,624.3300170898438,634.469970703125,13294800,2026-04-10
1776087000,634.530029296875,635.0,624.4000244140625,629.5,9538900,2026-04-13
1776173400,662.489990234375,666.260009765625,639.3699951171875,643.219970703125,17818000,2026-04-14
1776259800,671.5800170898438,678.5,664.219970703125,667.0,14952600,2026-04-15
1776346200,676.8699951171875,677.5800170898438,667.75,675.989990234375,9544800,2026-04-16
1776432600,688.5499877929688,691.52001953125,675.1300048828125,678.5999755859375,16283500,2026-04-17
1776691800,670.9099731445312,683.3800048828125,668.0,681.3599853515625,12534000,2026-04-20
1776778200,668.8400268554688,676.2000122070312,667.3300170898438,671.0,8660100,2026-04-21
1776864600,674.719970703125,678.3800048828125,669.75,674.3599853515625,9215600,2026-04-22
1776951000,659.1500244140625,669.5599975585938,653.0499877929688,663.7000122070312,11667000,2026-04-23
1777037400,675.030029296875,680.6699829101562,653.8400268554688,660.3200073242188,13348300,2026-04-24
1777296600,678.6199951171875,682.5,670.8400268554688,671.0,12805200,2026-04-27
1777383000,671.3400268554688,678.1799926757812,665.6300048828125,674.239990234375,10606800,2026-04-28
1777469400,669.1199951171875,674.25,663.8099975585938,668.9099731445312,18947500,2026-04-29
1777555800,611.9099731445312,620.8499755859375,600.0,619.3200073242188,52765000,2026-04-30
1777642200,608.75,618.8800048828125,606.1099853515625,614.6900024414062,21404000,2026-05-01
1777901400,610.4099731445312,614.0,602.75,607.9400024414062,16203900,2026-05-04
1777987800,604.9600219726562,614.3499755859375,600.3599853515625,613.3099975585938,17171300,2026-05-05
1778074200,612.8800048828125,619.9500122070312,598.0999755859375,601.0499877929688,19915500,2026-05-06
1778160600,616.8099975585938,624.97998046875,613.5399780273438,614.719970703125,12307400,2026-05-07
1778247000,609.6300048828125,616.77001953125,606.0599975585938,615.2000122070312,13557000,2026-05-08
1778506200,598.8599853515625,604.9099731445312,598.0800170898438,604.5700073242188,15940600,2026-05-11
1778592600,603.0,603.75,592.5999755859375,594.8200073242188,11351600,2026-05-12
1778679000,616.6300048828125,619.9000244140625,596.6599731445312,598.8300170898438,14634400,2026-05-13
1778765400,618.4299926757812,623.72998046875,615.0,616.0,10651200,2026-05-14
1778851800,614.22998046875,621.2000122070312,609.3099975585938,613.989990234375,13272600,2026-05-15
1779111000,611.2100219726562,615.5900268554688,603.6900024414062,609.1099853515625,13772400,2026-05-18
1779197400,602.6099853515625,613.9299926757812,600.5499877929688,608.9199829101562,11749900,2026-05-19
1779283800,605.0599975585938,608.0,597.8099975585938,600.760009765625,11329700,2026-05-20
1779370200,607.3800048828125,609.5999755859375,594.8099975585938,600.0,13476100,2026-05-21
1779456600,610.260009765625,614.8099975585938,606.9500122070312,607.8800048828125,11688600,2026-05-22
1779802200,612.3400268554688,614.469970703125,605.2999877929688,608.8900146484375,12234200,2026-05-26
1779888600,635.260009765625,638.5,609.0,609.4000244140625,23143600,2026-05-27
1779975000,635.2899780273438,643.0,629.3099975585938,639.5,16772400,2026-05-28
1780061400,632.510009765625,634.5,623.3499755859375,633.5,19806500,2026-05-29
1780320600,600.469970703125,635.75,599.530029296875,630.4000244140625,29138800,2026-06-01
1780407000,597.6300048828125,608.8800048828125,596.6799926757812,603.239990234375,18252000,2026-06-02
1780493400,622.97998046875,624.1500244140625,600.27001953125,603.0,23020100,2026-06-03
1780579800,627.5700073242188,642.4000244140625,622.4299926757812,623.6699829101562,21469200,2026-06-04
1780666200,593.0,629.1500244140625,582.9099731445312,623.4600219726562,30091600,2026-06-05
1780925400,585.3900146484375,592.0,579.219970703125,592.0,19512400,2026-06-08
1781011800,584.5900268554688,597.6300048828125,581.010009765625,591.0,16977400,2026-06-09
1781098200,570.97998046875,591.3200073242188,570.5999755859375,580.72998046875,17064000,2026-06-10
1781184600,568.4299926757812,572.1699829101562,557.010009765625,565.8300170898438,17628000,2026-06-11
1781271000,566.97998046875,576.0700073242188,560.9000244140625,572.9500122070312,14326400,2026-06-12
1781530200,593.47998046875,601.27001953125,579.2999877929688,579.9000244140625,17653300,2026-06-15
1781616600,600.2100219726562,605.8099975585938,592.0,593.6500244140625,11344400,2026-06-16
1781703000,567.5800170898438,593.8099975585938,566.1900024414062,592.0,20478300,2026-06-17
1781789400,577.219970703125,580.219970703125,563.0999755859375,572.8200073242188,28824600,2026-06-18
1782135000,563.8499755859375,575.8099975585938,559.8099975585938,572.02001953125,15405500,2026-06-22
1782221400,562.2000122070312,572.2000122070312,561.02001953125,562.25,13067000,2026-06-23
